SmoothMuscle	10	2945944	N:1:Del:T:0	CT	C	1
SmoothMuscle	10	4533286	N:1:Del:C:0	TG	T	-1
SmoothMuscle	10	5645716	N:1:Del:C:1	TG	T	-1
SmoothMuscle	10	9885827	N:4:Ins:R:1	G	GAAAT	-1
SmoothMuscle	10	10822147	N:1:Del:T:1	GT	G	1
SmoothMuscle	10	17112020	U:1:Del:T:0	TA	T	-1
SmoothMuscle	10	27028228	T:1:Ins:T:5	T	TA	-1
SmoothMuscle	10	48529529	N:1:Del:T:2	CA	C	-1
SmoothMuscle	10	49919178	Q:5:Del:R:0	CATCAGAAA	C	0
SmoothMuscle	10	58282239	N:1:Del:T:0	CT	C	1
SmoothMuscle	10	66804468	N:1:Del:C:0	AG	A	-1
SmoothMuscle	10	72420908	N:5:Del:M:1	AAGTTGGGACTGCTGTAT	A	-1
SmoothMuscle	10	82978144	N:1:Del:T:0	AT	A	1
SmoothMuscle	10	91299661	T:1:Del:C:0	TC	T	1
SmoothMuscle	10	116056219	U:1:Del:C:0	AG	A	-1
SmoothMuscle	10	132932373	T:1:Del:C:0	AC	A	1
SmoothMuscle	11	6039000	N:1:Del:C:1	TG	T	-1
SmoothMuscle	11	8784423	T:1:Del:C:1	AC	A	1
SmoothMuscle	11	39595979	N:1:Del:C:0	AG	A	-1
SmoothMuscle	11	51421046	N:1:Del:C:0	AC	A	1
SmoothMuscle	11	75945636	N:2:Del:R:1	TTG	T	1
SmoothMuscle	11	77091551	T:1:Del:C:0	AC	A	1
SmoothMuscle	11	90667742	N:1:Del:T:4	TA	T	-1
SmoothMuscle	11	96998656	N:2:Del:R:2	ATT	A	1
SmoothMuscle	12	21114793	U:1:Del:C:0	AC	A	1
SmoothMuscle	12	25416657	N:1:Del:T:0	CT	C	1
SmoothMuscle	12	26130233	Q:5:Del:M:2	TTGGGC	T	0
SmoothMuscle	12	45382256	N:4:Del:M:1	TTTAA	T	1
SmoothMuscle	12	60589599	N:4:Del:R:1	AAACT	A	-1
SmoothMuscle	12	61596093	N:1:Del:T:5	AT	A	1
SmoothMuscle	12	61833017	N:2:Del:M:1	AAG	A	-1
SmoothMuscle	12	78320281	T:2:Ins:R:0	T	TAG	-1
SmoothMuscle	12	79973247	N:1:Del:T:1	TA	T	-1
SmoothMuscle	12	80457994	N:2:Del:R:2	GAC	G	-1
SmoothMuscle	12	81297676	Q:2:Del:R:2	GAT	G	0
SmoothMuscle	12	85934507	N:1:Del:T:4	TA	T	-1
SmoothMuscle	12	115506750	N:1:Del:C:1	AC	A	1
SmoothMuscle	12	126746922	N:4:Del:M:3	CAGTA	C	-1
SmoothMuscle	13	36354395	Q:5:Del:R:0	CTCCATG	C	0
SmoothMuscle	13	41783795	N:1:Del:C:2	TG	T	-1
SmoothMuscle	13	48480860	N:1:Del:C:1	AG	A	-1
SmoothMuscle	13	48804698	N:5:Del:M:4	ATAAAT	A	1
SmoothMuscle	13	50592008	T:1:Ins:C:2	T	TG	-1
SmoothMuscle	13	66173704	N:1:Del:C:1	TG	T	-1
SmoothMuscle	13	83445912	N:1:Del:C:2	AG	A	-1
SmoothMuscle	13	90291489	N:3:Ins:R:1	A	AGAT	-1
SmoothMuscle	13	102054948	U:1:Del:C:0	TG	T	-1
SmoothMuscle	13	105312560	N:2:Del:R:0	TGC	T	-1
SmoothMuscle	14	22494572	N:5:Del:M:1	CCACCAG	C	1
SmoothMuscle	14	30086338	T:1:Del:C:2	TC	T	1
SmoothMuscle	14	30336314	U:1:Del:C:0	TG	T	-1
SmoothMuscle	14	35137406	N:1:Del:C:2	AG	A	-1
SmoothMuscle	14	39460272	N:1:Del:T:1	CA	C	-1
SmoothMuscle	14	42259867	U:1:Del:T:2	AT	A	1
SmoothMuscle	14	48896183	N:1:Del:C:1	AC	A	1
SmoothMuscle	14	53990472	N:2:Del:R:2	AAG	A	-1
SmoothMuscle	14	56045213	U:1:Del:T:4	AT	A	1
SmoothMuscle	14	63494893	Q:4:Del:M:3	TCTAA	T	0
SmoothMuscle	14	90334343	U:1:Del:C:2	TG	T	-1
SmoothMuscle	14	95858597	N:5:Del:R:0	CAACAATTT	C	-1
SmoothMuscle	15	36020862	N:1:Del:T:5	GA	G	-1
SmoothMuscle	15	60280518	N:1:Del:C:2	GC	G	1
SmoothMuscle	16	5699579	N:1:Del:C:2	TC	T	1
SmoothMuscle	16	10213035	U:2:Del:M:1	AGG	A	-1
SmoothMuscle	16	11501382	Q:5:Del:R:0	GGCCATCAAGCGTGGCC	G	0
SmoothMuscle	16	23891885	U:1:Ins:T:3	C	CT	1
SmoothMuscle	16	47160841	U:1:Del:T:0	CA	C	-1
SmoothMuscle	16	47464374	U:1:Del:T:1	GA	G	-1
SmoothMuscle	16	50146187	N:1:Ins:C:1	A	AG	-1
SmoothMuscle	16	59829995	N:5:Del:M:5	CTAGCAGACA	C	1
SmoothMuscle	16	76863025	N:2:Del:R:1	ACT	A	1
SmoothMuscle	16	80750936	Q:4:Del:M:1	TGCAC	T	0
SmoothMuscle	16	81774925	Q:5:Del:M:3	TTCAAGC	T	0
SmoothMuscle	17	2028931	Q:5:Del:R:0	TCCATAAAA	T	0
SmoothMuscle	17	11045513	N:1:Del:T:5	CT	C	1
SmoothMuscle	17	15366841	Q:5:Del:M:1	GCAGGCCTGA	G	0
SmoothMuscle	17	15984254	T:1:Del:T:1	CT	C	1
SmoothMuscle	17	26111190	Q:5:Ins:R:0	C	CACACACACA	0
SmoothMuscle	17	31701006	Q:4:Del:R:3	TTTTA	T	0
SmoothMuscle	17	31971974	Q:4:Del:R:1	TGATA	T	0
SmoothMuscle	17	35683177	Q:5:Del:R:0	CAGGCATA	C	0
SmoothMuscle	17	37483059	Q:5:Del:R:0	TTGTAGAG	T	0
SmoothMuscle	17	50611982	N:5:Del:M:2	ATAAGTGTGC	A	1
SmoothMuscle	17	51950777	N:1:Del:T:4	GA	G	-1
SmoothMuscle	17	53240457	Q:5:Del:R:0	CATATCCA	C	0
SmoothMuscle	17	57935956	N:5:Del:M:3	AATAAG	A	-1
SmoothMuscle	17	67852826	N:1:Del:T:4	TA	T	-1
SmoothMuscle	17	70050074	N:1:Del:T:3	TA	T	-1
SmoothMuscle	17	76679409	U:1:Del:C:1	CG	C	-1
SmoothMuscle	17	80581279	T:1:Del:C:0	AC	A	1
SmoothMuscle	18	10305333	N:1:Del:T:1	AT	A	1
SmoothMuscle	18	10908492	U:1:Del:C:1	AG	A	-1
SmoothMuscle	18	20703629	N:1:Del:C:0	TG	T	-1
SmoothMuscle	18	27583010	N:1:Del:T:2	GT	G	1
SmoothMuscle	18	31091805	N:1:Del:C:0	TC	T	1
SmoothMuscle	18	40254920	N:4:Del:R:1	TCTAA	T	1
SmoothMuscle	18	40990183	N:1:Del:T:5	AT	A	1
SmoothMuscle	18	41720092	N:1:Del:T:1	TA	T	-1
SmoothMuscle	18	48533515	U:1:Ins:C:5	G	GC	1
SmoothMuscle	18	57570420	T:1:Del:C:0	TG	T	-1
SmoothMuscle	18	66630096	U:1:Del:T:4	GT	G	1
SmoothMuscle	18	68798874	N:1:Del:C:0	GC	G	1
SmoothMuscle	18	70017325	N:1:Del:T:1	CA	C	-1
SmoothMuscle	19	17254056	Q:2:Del:M:1	AAC	A	0
SmoothMuscle	19	20723727	Q:3:Del:M:2	GAAC	G	0
SmoothMuscle	19	31543416	N:1:Ins:T:2	G	GT	1
SmoothMuscle	19	49119624	Q:5:Del:M:1	GAACTTTCACC	G	0
SmoothMuscle	1	3229259	U:2:Del:R:0	CTT	C	1
SmoothMuscle	1	46876429	U:1:Del:T:1	GT	G	1
SmoothMuscle	1	51861161	Q:2:Del:R:0	TCA	T	0
SmoothMuscle	1	55612691	T:2:Del:R:0	CTT	C	1
SmoothMuscle	1	73601621	N:3:Del:R:0	TGTC	T	-1
SmoothMuscle	1	106025463	N:2:Del:M:1	CAG	C	-1
SmoothMuscle	1	106281587	N:1:Del:T:0	CT	C	1
SmoothMuscle	1	109115969	U:1:Del:C:1	AC	A	1
SmoothMuscle	1	116265902	Q:2:Del:R:1	CTA	C	0
SmoothMuscle	1	154672957	U:2:Del:R:0	TAA	T	-1
SmoothMuscle	1	158449487	N:1:Del:C:2	AG	A	-1
SmoothMuscle	1	166506651	N:5:Del:M:4	GATTTA	G	-1
SmoothMuscle	1	176239965	N:1:Ins:T:5	A	AT	1
SmoothMuscle	1	188562687	N:5:Ins:R:0	T	TAGGTA	-1
SmoothMuscle	1	191167531	N:1:Del:C:0	AC	A	1
SmoothMuscle	1	219264273	N:5:Del:M:2	CAAAGAAGGTCATTATAT	C	-1
SmoothMuscle	1	236222769	Q:5:Del:R:0	TCATTAAACCTAGTAA	T	0
SmoothMuscle	1	239524553	N:1:Del:C:0	TG	T	-1
SmoothMuscle	1	240856282	N:4:Del:R:1	GGAGT	G	-1
SmoothMuscle	1	244662621	Q:4:Del:R:2	TTTTA	T	0
SmoothMuscle	1	245776748	T:1:Del:T:5	TA	T	-1
SmoothMuscle	20	14765511	Q:5:Del:M:1	CATCAAGCAGTCGGG	C	0
SmoothMuscle	20	55255186	N:1:Del:C:1	AG	A	-1
SmoothMuscle	20	58840359	N:1:Del:T:0	GT	G	1
SmoothMuscle	21	10841753	N:5:Del:R:0	ACAGACTCAAG	A	1
SmoothMuscle	21	25622420	N:4:Del:M:3	CAAAT	C	-1
SmoothMuscle	21	29025575	N:1:Del:C:0	TG	T	-1
SmoothMuscle	21	41459033	U:1:Ins:C:0	C	CG	-1
SmoothMuscle	21	47695853	Q:2:Del:M:1	TTG	T	0
SmoothMuscle	2	4230703	N:1:Del:C:1	AC	A	1
SmoothMuscle	2	30917955	N:4:Del:M:2	AAGGC	A	-1
SmoothMuscle	2	31235633	U:1:Del:T:5	GA	G	-1
SmoothMuscle	2	34301740	N:1:Del:T:4	CT	C	1
SmoothMuscle	2	43005777	Q:5:Del:M:2	TAAACTTTA	T	0
SmoothMuscle	2	43744774	T:2:Del:R:2	ATT	A	1
SmoothMuscle	2	60007301	N:1:Del:C:1	AG	A	-1
SmoothMuscle	2	79852528	T:1:Del:T:0	TA	T	-1
SmoothMuscle	2	82612817	N:1:Del:C:0	AG	A	-1
SmoothMuscle	2	105547989	N:4:Del:M:3	TTTAA	T	1
SmoothMuscle	2	109233830	U:1:Del:C:0	TC	T	1
SmoothMuscle	2	116038863	U:1:Del:T:0	CT	C	1
SmoothMuscle	2	138722037	Q:4:Del:M:3	CTCTG	C	0
SmoothMuscle	2	140763138	N:3:Del:M:2	TATC	T	-1
SmoothMuscle	2	142828544	U:1:Del:T:0	TA	T	-1
SmoothMuscle	2	156837918	N:4:Del:R:1	AACTC	A	-1
SmoothMuscle	2	177645788	N:1:Del:T:3	TA	T	-1
SmoothMuscle	2	183222015	Q:2:Del:M:1	AAC	A	0
SmoothMuscle	2	193855979	N:1:Del:C:0	GC	G	1
SmoothMuscle	2	198794946	U:1:Del:T:0	CT	C	1
SmoothMuscle	2	199593051	N:3:Del:M:1	GTCC	G	1
SmoothMuscle	2	214566171	U:1:Del:C:0	AC	A	1
SmoothMuscle	2	225056591	N:1:Del:C:0	AG	A	-1
SmoothMuscle	2	228746787	U:1:Del:T:0	AT	A	1
SmoothMuscle	3	342730	U:1:Del:C:1	TC	T	1
SmoothMuscle	3	15060236	Q:3:Ins:R:0	T	TATA	0
SmoothMuscle	3	37974149	Q:3:Ins:R:0	A	AAAT	0
SmoothMuscle	3	47555564	N:5:Ins:R:0	T	TTATTAG	1
SmoothMuscle	3	65421177	U:3:Del:M:2	GGAA	G	-1
SmoothMuscle	3	68555613	T:4:Ins:R:0	C	CAGAG	-1
SmoothMuscle	3	74397502	U:2:Del:M:1	TGA	T	-1
SmoothMuscle	3	82872585	N:1:Del:T:5	GT	G	1
SmoothMuscle	3	95960164	N:1:Ins:T:5	C	CA	-1
SmoothMuscle	3	112223777	N:1:Del:T:0	CT	C	1
SmoothMuscle	3	118252546	N:3:Del:M:1	GTGT	G	1
SmoothMuscle	3	127864489	U:1:Del:C:2	AG	A	-1
SmoothMuscle	3	135538590	N:1:Del:C:2	TG	T	-1
SmoothMuscle	3	141684408	U:5:Del:M:3	AGGGGAAG	A	-1
SmoothMuscle	3	153918190	U:1:Del:C:0	TC	T	1
SmoothMuscle	3	161702742	N:1:Del:T:2	TA	T	-1
SmoothMuscle	3	162962886	N:1:Del:T:3	CT	C	1
SmoothMuscle	3	165713459	N:4:Del:R:1	ATATT	A	1
SmoothMuscle	3	170221103	Q:4:Del:R:1	AGAGT	A	0
SmoothMuscle	3	177498110	N:1:Del:T:2	GT	G	1
SmoothMuscle	3	192648272	N:1:Del:T:1	CA	C	-1
SmoothMuscle	4	2901301	Q:5:Del:M:1	GGTTGTTTAACTTCTGA	G	0
SmoothMuscle	4	11093398	N:1:Ins:T:0	G	GT	1
SmoothMuscle	4	13820530	N:1:Del:C:2	TG	T	-1
SmoothMuscle	4	16902488	N:1:Ins:T:0	A	AT	1
SmoothMuscle	4	25543425	N:2:Del:R:0	TGA	T	-1
SmoothMuscle	4	43134437	N:3:Del:R:1	GATA	G	-1
SmoothMuscle	4	80293691	N:1:Del:T:0	CA	C	-1
SmoothMuscle	4	98802012	Q:5:Del:R:0	TCAGAAGG	T	0
SmoothMuscle	4	101313019	N:1:Del:T:0	TA	T	-1
SmoothMuscle	4	106501032	Q:2:Del:R:0	TTG	T	0
SmoothMuscle	4	116178535	N:1:Ins:T:5	A	AT	1
SmoothMuscle	4	118988915	T:1:Del:C:4	TG	T	-1
SmoothMuscle	4	125110988	N:1:Del:T:1	CA	C	-1
SmoothMuscle	4	131959737	N:1:Del:T:0	TA	T	-1
SmoothMuscle	4	135484480	N:2:Del:M:1	TAC	T	-1
SmoothMuscle	4	139921140	N:1:Del:C:2	GC	G	1
SmoothMuscle	4	143709437	U:2:Del:M:1	GAA	G	-1
SmoothMuscle	4	156622180	T:1:Del:C:0	TG	T	-1
SmoothMuscle	4	157475570	N:4:Del:M:3	TAGAC	T	-1
SmoothMuscle	4	164146582	N:4:Ins:R:0	A	AAACC	-1
SmoothMuscle	4	171438844	N:1:Ins:T:3	G	GA	-1
SmoothMuscle	4	177905157	N:1:Del:T:0	CT	C	1
SmoothMuscle	4	182303111	N:1:Del:T:1	TA	T	-1
SmoothMuscle	4	185554717	T:1:Del:C:1	GC	G	1
SmoothMuscle	4	188296922	N:2:Del:R:2	ATT	A	1
SmoothMuscle	5	29337271	N:2:Ins:R:5	C	CTA	1
SmoothMuscle	5	32891267	N:5:Del:M:5	ATAGAAT	A	1
SmoothMuscle	5	46171326	N:1:Del:C:0	AC	A	1
SmoothMuscle	5	58487371	U:1:Ins:T:1	T	TA	-1
SmoothMuscle	5	74575638	N:1:Del:C:0	AC	A	1
SmoothMuscle	5	86078952	N:1:Del:C:1	GC	G	1
SmoothMuscle	5	93718599	Q:5:Del:M:1	CATGACTGA	C	0
SmoothMuscle	5	97551559	N:4:Del:M:2	TTACA	T	1
SmoothMuscle	5	119665056	N:1:Ins:T:2	T	TA	-1
SmoothMuscle	5	128897558	T:1:Del:T:1	TA	T	-1
SmoothMuscle	5	130793718	Q:2:Del:R:0	AAC	A	0
SmoothMuscle	5	140164446	N:1:Del:T:0	AT	A	1
SmoothMuscle	5	164297293	N:1:Ins:T:5	A	AT	1
SmoothMuscle	5	166014770	N:1:Del:C:1	AG	A	-1
SmoothMuscle	6	4290683	N:1:Del:T:5	CA	C	-1
SmoothMuscle	6	10433458	N:5:Del:M:1	TGTGCCATGCATTGTTACA	T	-1
SmoothMuscle	6	34514778	Q:4:Del:R:0	CGCAG	C	0
SmoothMuscle	6	45231114	U:1:Del:C:1	AG	A	-1
SmoothMuscle	6	54282140	N:1:Ins:T:5	A	AT	1
SmoothMuscle	6	62029208	N:3:Del:M:2	TCTG	T	1
SmoothMuscle	6	67148094	N:4:Del:M:1	TTTCA	T	1
SmoothMuscle	6	77571743	N:1:Ins:T:5	C	CT	1
SmoothMuscle	6	85447628	U:1:Del:C:2	TG	T	-1
SmoothMuscle	6	94097688	U:1:Ins:T:1	G	GA	-1
SmoothMuscle	6	94459517	N:1:Ins:T:5	C	CA	-1
SmoothMuscle	6	106144633	N:1:Ins:T:1	T	TA	-1
SmoothMuscle	6	113343984	N:1:Del:T:1	CA	C	-1
SmoothMuscle	6	120343705	N:1:Ins:T:5	C	CT	1
SmoothMuscle	6	132464960	N:1:Del:T:2	TA	T	-1
SmoothMuscle	6	135997547	N:3:Del:R:1	ATGT	A	1
SmoothMuscle	6	162374097	Q:5:Del:M:2	ATATGGAAAAGTGC	A	0
SmoothMuscle	6	165175982	N:1:Del:T:5	TA	T	-1
SmoothMuscle	6	167262978	U:3:Del:R:2	AAAG	A	-1
SmoothMuscle	7	15765637	N:2:Del:M:1	TTA	T	1
SmoothMuscle	7	31359734	N:1:Del:C:1	AG	A	-1
SmoothMuscle	7	33168380	N:5:Del:M:2	CAAGGTTGGCTACATTG	C	-1
SmoothMuscle	7	54502126	N:1:Del:T:5	TA	T	-1
SmoothMuscle	7	71570790	U:2:Del:M:1	GGA	G	-1
SmoothMuscle	7	76871793	T:1:Ins:T:0	C	CA	-1
SmoothMuscle	7	78394327	U:1:Del:C:1	AG	A	-1
SmoothMuscle	7	84737470	T:1:Del:T:2	AT	A	1
SmoothMuscle	7	89630573	N:1:Ins:T:0	T	TA	-1
SmoothMuscle	7	97124088	N:1:Del:T:0	AT	A	1
SmoothMuscle	7	109070509	N:1:Del:T:2	AT	A	1
SmoothMuscle	7	112662357	N:1:Ins:T:5	C	CT	1
SmoothMuscle	7	114886068	N:1:Del:C:0	AC	A	1
SmoothMuscle	7	125077430	N:1:Del:T:0	CA	C	-1
SmoothMuscle	7	136625560	Q:2:Del:R:1	AAC	A	0
SmoothMuscle	7	158661951	Q:5:Del:M:3	GGGCCCGT	G	0
SmoothMuscle	7	158979655	N:1:Del:T:1	GA	G	-1
SmoothMuscle	8	5155617	N:3:Del:R:0	TATA	T	-1
SmoothMuscle	8	11118320	N:1:Del:C:0	TG	T	-1
SmoothMuscle	8	17108285	U:1:Del:T:0	AT	A	1
SmoothMuscle	8	19105453	N:1:Del:T:5	AT	A	1
SmoothMuscle	8	32195353	T:1:Ins:T:1	C	CA	-1
SmoothMuscle	8	38514913	N:1:Del:C:0	TC	T	1
SmoothMuscle	8	66031413	N:1:Del:C:0	AC	A	1
SmoothMuscle	8	87012946	T:1:Del:T:0	TA	T	-1
SmoothMuscle	8	90149865	N:1:Del:C:0	AG	A	-1
SmoothMuscle	8	91846250	U:1:Del:C:0	GC	G	1
SmoothMuscle	8	96354069	N:3:Ins:R:5	A	ATAT	1
SmoothMuscle	8	101351425	N:1:Ins:T:1	T	TA	-1
SmoothMuscle	8	104330246	T:1:Del:T:2	CA	C	-1
SmoothMuscle	8	107587667	U:1:Del:C:0	TC	T	1
SmoothMuscle	8	109141901	N:1:Ins:C:0	G	GC	1
SmoothMuscle	8	116457465	U:1:Del:C:0	CG	C	-1
SmoothMuscle	8	116774970	Q:5:Del:M:1	CTGCATGCTAT	C	0
SmoothMuscle	8	126306958	Q:2:Del:M:1	CAT	C	0
SmoothMuscle	8	131319904	Q:5:Del:M:2	TCAAGTGATCATCTAA	T	0
SmoothMuscle	8	133845148	U:1:Del:T:2	AT	A	1
SmoothMuscle	9	3651135	N:2:Del:R:1	CAG	C	-1
SmoothMuscle	9	6397603	N:1:Del:C:0	AG	A	-1
SmoothMuscle	9	16444709	U:1:Ins:T:1	G	GA	-1
SmoothMuscle	9	18925184	N:1:Del:T:0	CT	C	1
SmoothMuscle	9	19562021	T:1:Del:T:0	CT	C	1
SmoothMuscle	9	21048798	N:4:Del:R:1	CTTTG	C	1
SmoothMuscle	9	32980785	Q:4:Del:R:1	GTTAC	G	0
SmoothMuscle	9	83607417	N:1:Del:C:0	TG	T	-1
SmoothMuscle	9	94805992	T:5:Del:R:0	ACCTTTC	A	1
SmoothMuscle	9	95192204	T:1:Del:T:2	GA	G	-1
SmoothMuscle	9	104948305	N:1:Del:C:1	GC	G	1
SmoothMuscle	9	113711985	Q:5:Del:M:3	CTAATT	C	0
SmoothMuscle	9	114334005	Q:5:Del:R:0	AAACTCCT	A	0
SmoothMuscle	9	118360666	N:1:Del:T:2	CA	C	-1
SmoothMuscle	X	7429738	N:4:Del:R:1	ATAAT	A	1
SmoothMuscle	X	17204541	N:1:Del:C:2	AC	A	1
SmoothMuscle	X	52871296	N:1:Del:C:0	AG	A	-1
SmoothMuscle	X	57076703	N:1:Del:T:0	CT	C	1
SmoothMuscle	X	76080575	N:3:Del:R:1	CATA	C	-1
SmoothMuscle	X	83155546	N:1:Ins:T:5	C	CA	-1
SmoothMuscle	X	85029909	N:1:Del:C:0	AG	A	-1
SmoothMuscle	X	110894901	N:1:Del:T:2	CA	C	-1
SmoothMuscle	X	119169231	N:3:Del:M:2	AAAG	A	-1
SmoothMuscle	X	125151332	N:1:Del:T:5	CT	C	1
SmoothMuscle	X	126250413	N:5:Del:M:2	CAATATAGATAATTGTTTA	C	-1
SmoothMuscle	X	148000463	U:1:Del:C:4	AC	A	1
SmoothMuscle	X	150540057	N:1:Del:T:2	GA	G	-1
