Neurons	10	959126	U:1:Del:C:0	TG	T	-1
Neurons	10	1498027	Q:4:Del:M:3	TTCTG	T	0
Neurons	10	3672609	N:2:Del:R:0	CTT	C	1
Neurons	10	4598488	N:1:Ins:C:5	T	TG	-1
Neurons	10	7610739	T:1:Ins:T:3	C	CT	1
Neurons	10	9670901	N:2:Del:R:0	TTC	T	1
Neurons	10	10777401	N:1:Del:T:0	TA	T	-1
Neurons	10	10975091	N:2:Ins:R:1	C	CTT	1
Neurons	10	11234146	T:1:Ins:T:1	G	GA	-1
Neurons	10	11308125	T:1:Ins:T:1	T	TA	-1
Neurons	10	11343751	T:1:Ins:T:2	G	GA	-1
Neurons	10	11678921	N:3:Del:M:2	TGTA	T	-1
Neurons	10	13886656	U:4:Del:R:1	AAAAG	A	-1
Neurons	10	14205113	U:1:Del:T:3	CA	C	-1
Neurons	10	14339745	U:1:Del:C:1	AG	A	-1
Neurons	10	15781130	N:1:Del:C:1	TC	T	1
Neurons	10	19412773	N:1:Del:T:1	GA	G	-1
Neurons	10	21700575	N:1:Del:T:1	GA	G	-1
Neurons	10	24807263	Q:5:Ins:R:0	A	ATGCAAACTTCT	0
Neurons	10	25525906	U:1:Ins:T:4	A	AT	1
Neurons	10	26139278	N:1:Del:C:1	AG	A	-1
Neurons	10	26250180	U:1:Del:T:3	CT	C	1
Neurons	10	27038849	U:2:Del:M:1	CAA	C	-1
Neurons	10	27108309	Q:4:Ins:R:1	T	TAACA	0
Neurons	10	30340236	U:1:Ins:T:2	C	CA	-1
Neurons	10	32087167	N:4:Del:M:2	TTATA	T	1
Neurons	10	32220092	N:4:Del:R:1	GTATC	G	1
Neurons	10	36339018	N:1:Del:C:5	AG	A	-1
Neurons	10	49593996	Q:4:Del:M:3	ACTAC	A	0
Neurons	10	51001825	N:1:Ins:T:5	C	CA	-1
Neurons	10	51592481	Q:4:Del:M:3	CCATT	C	0
Neurons	10	54823332	N:5:Del:R:0	TGGAGCTTAGTGG	T	-1
Neurons	10	54827126	N:1:Del:T:5	TA	T	-1
Neurons	10	55740207	T:1:Del:C:1	GC	G	1
Neurons	10	58348826	N:2:Del:R:0	TGG	T	-1
Neurons	10	58755678	N:3:Del:M:2	TAGA	T	-1
Neurons	10	59199405	N:1:Del:T:2	AT	A	1
Neurons	10	60689198	N:5:Del:R:0	TTCAAA	T	1
Neurons	10	62661080	Q:3:Del:R:1	ATTG	A	0
Neurons	10	62861544	N:1:Del:T:1	TA	T	-1
Neurons	10	63248353	N:1:Del:C:1	GC	G	1
Neurons	10	67758432	U:3:Del:M:2	TAAG	T	-1
Neurons	10	68724846	B:1:Ins:T:1	C	CT	1
Neurons	10	69673482	T:3:Del:R:1	TAAA	T	-1
Neurons	10	76104172	Q:5:Del:R:0	CTCCAGTGGTTT	C	0
Neurons	10	77343857	N:5:Del:M:2	TTACTC	T	1
Neurons	10	79048284	Q:2:Ins:R:1	T	TTA	0
Neurons	10	79094615	Q:5:Del:M:4	ATATAT	A	0
Neurons	10	83678724	Q:3:Del:M:2	TAAC	T	0
Neurons	10	84638946	Q:4:Del:R:1	ACTTG	A	0
Neurons	10	84638949	T:1:Del:C:0	TG	T	-1
Neurons	10	85088879	N:4:Del:M:3	CTTTA	C	1
Neurons	10	86895480	N:5:Del:R:0	CTCCTGTCGTT	C	1
Neurons	10	88311474	N:1:Ins:T:0	T	TA	-1
Neurons	10	89508473	N:3:Del:R:1	TAGA	T	-1
Neurons	10	92100908	N:1:Del:C:0	AG	A	-1
Neurons	10	92161221	N:4:Del:R:1	CCAAA	C	1
Neurons	10	92311065	N:1:Del:T:1	GT	G	1
Neurons	10	92390410	N:5:Del:M:2	GTCAACAAT	G	1
Neurons	10	97069774	N:1:Del:T:1	TA	T	-1
Neurons	10	97244993	Q:2:Del:R:2	ATG	A	0
Neurons	10	98894527	T:1:Ins:T:3	C	CT	1
Neurons	10	101434444	U:1:Ins:C:2	T	TC	1
Neurons	10	109210414	N:1:Del:C:0	TC	T	1
Neurons	10	114546953	Q:2:Del:M:1	CTG	C	0
Neurons	10	114776837	Q:4:Del:M:3	CTCTG	C	0
Neurons	10	117050509	U:1:Del:C:1	GC	G	1
Neurons	10	120129380	N:5:Del:M:5	CAAATTGGAT	C	-1
Neurons	10	122512360	N:1:Del:T:0	CA	C	-1
Neurons	10	124819579	N:4:Del:M:3	AAAAC	A	-1
Neurons	10	124923362	Q:4:Del:M:3	TTTAC	T	0
Neurons	10	126765447	T:2:Ins:R:1	T	TTC	1
Neurons	10	127720295	T:1:Ins:T:2	G	GT	1
Neurons	10	129885191	N:4:Del:M:3	TACAA	T	-1
Neurons	10	131323555	Q:5:Del:R:1	GATTTT	G	0
Neurons	10	133492334	N:2:Del:R:3	ATG	A	1
Neurons	11	2637476	Q:4:Del:M:3	TTTTG	T	0
Neurons	11	7578369	Q:4:Del:M:2	CTGTT	C	0
Neurons	11	8125480	U:1:Del:T:3	CT	C	1
Neurons	11	9415300	T:3:Del:R:1	TAAA	T	-1
Neurons	11	10341500	U:3:Del:M:2	ACTC	A	1
Neurons	11	14667088	T:1:Del:C:1	AG	A	-1
Neurons	11	16488784	Q:5:Del:R:0	CAAATA	C	0
Neurons	11	17112033	Q:5:Del:R:1	TATAATA	T	0
Neurons	11	17571787	U:1:Del:T:3	AT	A	1
Neurons	11	19186925	Q:3:Del:M:1	TTAC	T	0
Neurons	11	19905101	U:3:Del:R:1	TCTC	T	1
Neurons	11	21233363	Q:4:Del:R:2	TTTTG	T	0
Neurons	11	21444978	Q:3:Del:R:1	TATA	T	0
Neurons	11	23365198	N:1:Del:T:1	AT	A	1
Neurons	11	25799694	N:2:Del:R:5	TAC	T	-1
Neurons	11	27475645	T:1:Ins:T:2	A	AT	1
Neurons	11	27706633	U:1:Del:C:1	TG	T	-1
Neurons	11	27847660	N:2:Del:R:5	AGT	A	-1
Neurons	11	28379301	N:1:Del:T:2	CT	C	1
Neurons	11	32260602	N:3:Del:M:2	TAAG	T	-1
Neurons	11	33517857	N:1:Ins:T:1	T	TA	-1
Neurons	11	35022574	N:1:Ins:T:2	A	AT	1
Neurons	11	36358210	Q:4:Del:R:1	GAATA	G	0
Neurons	11	42007058	N:1:Del:T:0	CA	C	-1
Neurons	11	44278963	N:1:Ins:T:1	T	TA	-1
Neurons	11	48448058	N:1:Del:C:0	TC	T	1
Neurons	11	55691175	N:5:Del:M:2	TCACCCAA	T	1
Neurons	11	58663249	N:1:Del:C:0	AG	A	-1
Neurons	11	62702185	N:2:Del:M:1	CAT	C	-1
Neurons	11	65275027	N:4:Del:R:1	TAGTC	T	-1
Neurons	11	65992380	U:1:Del:C:3	TC	T	1
Neurons	11	66448417	N:3:Del:M:2	TCTC	T	1
Neurons	11	73164730	Q:5:Del:M:1	TATTAA	T	0
Neurons	11	77882818	T:1:Ins:T:5	A	AT	1
Neurons	11	78551961	Q:3:Del:R:1	TTCA	T	0
Neurons	11	79987150	N:1:Del:C:0	TC	T	1
Neurons	11	83677211	Q:3:Del:M:2	CATT	C	0
Neurons	11	89270334	Q:5:Del:M:4	AATGTAAC	A	0
Neurons	11	90149908	N:5:Del:M:2	ATGTGGAAAAT	A	1
Neurons	11	90241091	N:1:Ins:T:3	C	CA	-1
Neurons	11	94899618	U:2:Ins:R:0	T	TAA	-1
Neurons	11	96265993	N:1:Del:T:5	AT	A	1
Neurons	11	96473539	N:1:Del:C:0	TC	T	1
Neurons	11	97458517	N:1:Del:T:1	TA	T	-1
Neurons	11	98742828	N:1:Del:T:1	GT	G	1
Neurons	11	99052258	Q:5:Ins:R:1	A	AGTACC	0
Neurons	11	101537674	N:5:Del:M:1	CAAAAA	C	-1
Neurons	11	105591658	Q:5:Del:M:2	ACTTTAT	A	0
Neurons	11	106245394	N:4:Del:M:2	TGAGA	T	-1
Neurons	11	106833944	U:2:Del:R:1	CAG	C	-1
Neurons	11	107796074	U:1:Del:T:0	TA	T	-1
Neurons	11	107935608	U:3:Del:R:2	CCCT	C	1
Neurons	11	107961370	T:1:Ins:C:3	A	AG	-1
Neurons	11	110861165	N:1:Ins:T:4	A	AT	1
Neurons	11	111734364	T:1:Ins:T:3	G	GT	1
Neurons	11	112586635	N:3:Del:R:1	TATA	T	-1
Neurons	11	112965405	Q:2:Del:M:1	CTA	C	0
Neurons	11	113066584	Q:5:Ins:R:1	T	TATCTC	0
Neurons	11	113657191	N:1:Del:C:1	AG	A	-1
Neurons	11	119785198	N:5:Del:M:1	GTCTTT	G	1
Neurons	11	123367093	N:1:Del:T:5	CT	C	1
Neurons	11	123887916	N:1:Del:C:0	AG	A	-1
Neurons	11	124980790	Q:5:Del:M:4	ACACTT	A	0
Neurons	11	133185571	U:1:Ins:T:1	T	TA	-1
Neurons	11	133551649	N:2:Del:R:2	AAG	A	-1
Neurons	11	134157656	T:2:Del:M:1	CAG	C	-1
Neurons	12	1239909	U:1:Del:T:1	AT	A	1
Neurons	12	2106337	B:1:Del:T:0	AT	A	1
Neurons	12	3402799	N:5:Del:R:1	CCAGGGCAGGG	C	1
Neurons	12	3565633	U:3:Del:R:1	ACTC	A	1
Neurons	12	4402558	Q:5:Del:M:1	CATTCTTTAAA	C	0
Neurons	12	10506438	N:1:Del:T:0	CA	C	-1
Neurons	12	10817791	U:1:Del:T:2	TA	T	-1
Neurons	12	15540249	T:1:Del:T:0	TA	T	-1
Neurons	12	16383063	U:1:Del:C:0	AG	A	-1
Neurons	12	19548972	N:1:Del:T:2	CA	C	-1
Neurons	12	19731700	Q:2:Del:R:0	CAT	C	0
Neurons	12	20828779	Q:4:Del:M:3	TTCTA	T	0
Neurons	12	22788370	U:1:Ins:T:1	G	GT	1
Neurons	12	23678696	N:4:Ins:R:0	G	GTACA	1
Neurons	12	33245365	N:1:Del:C:0	GC	G	1
Neurons	12	40466029	U:1:Del:C:0	TG	T	-1
Neurons	12	41361512	Q:5:Del:M:5	CAGATAATCAG	C	0
Neurons	12	41861298	T:3:Del:R:1	AAGG	A	-1
Neurons	12	42414232	N:2:Ins:R:1	A	ATT	1
Neurons	12	42777707	U:1:Ins:C:3	A	AC	1
Neurons	12	43246728	N:2:Del:M:1	CAT	C	-1
Neurons	12	43556633	N:1:Del:T:5	TA	T	-1
Neurons	12	46632002	Q:4:Del:R:1	GAAGT	G	0
Neurons	12	46948444	N:1:Ins:T:2	G	GT	1
Neurons	12	47204894	U:1:Del:T:0	CA	C	-1
Neurons	12	48940204	N:1:Del:C:1	AG	A	-1
Neurons	12	51696332	Q:5:Ins:R:1	A	AGTGACTGAG	0
Neurons	12	52364361	T:1:Ins:T:1	T	TA	-1
Neurons	12	55098159	N:1:Ins:T:0	C	CA	-1
Neurons	12	56231008	T:2:Del:M:1	CTT	C	1
Neurons	12	56470785	N:1:Del:C:0	AG	A	-1
Neurons	12	58115849	N:3:Del:R:2	TTTC	T	1
Neurons	12	58215905	U:1:Ins:C:2	A	AG	-1
Neurons	12	62415650	Q:5:Del:M:2	CTCGGAGTT	C	0
Neurons	12	69180907	N:5:Del:M:3	ATTTTCTGGTC	A	1
Neurons	12	70264702	U:1:Del:T:5	AT	A	1
Neurons	12	70852709	N:1:Ins:T:1	C	CT	1
Neurons	12	71100823	U:1:Del:T:0	CA	C	-1
Neurons	12	74558516	N:3:Del:R:1	CTTT	C	1
Neurons	12	75147658	N:4:Del:M:3	AACTG	A	-1
Neurons	12	77309005	N:1:Del:T:0	AT	A	1
Neurons	12	77392032	N:4:Del:R:1	CCTTA	C	1
Neurons	12	78423015	Q:5:Del:M:1	ATCAAAGAAAT	A	0
Neurons	12	79427016	U:1:Del:C:1	TC	T	1
Neurons	12	80922585	U:1:Del:T:1	CT	C	1
Neurons	12	80930588	T:1:Del:T:0	TA	T	-1
Neurons	12	81054603	Q:4:Del:M:3	AATTT	A	0
Neurons	12	81693413	Q:5:Del:M:1	TAATGGAATTAGA	T	0
Neurons	12	82204093	N:4:Del:R:1	TAAAG	T	-1
Neurons	12	86344855	N:4:Del:R:1	ATTGT	A	1
Neurons	12	86869701	T:2:Del:R:2	GTT	G	1
Neurons	12	88710869	N:3:Del:M:1	TATA	T	-1
Neurons	12	89970775	N:4:Del:R:2	CTTCT	C	1
Neurons	12	90717067	N:1:Ins:T:1	C	CA	-1
Neurons	12	91106438	N:4:Del:R:1	CCTAA	C	1
Neurons	12	92631369	N:4:Del:M:3	GACTA	G	-1
Neurons	12	96560881	N:1:Ins:T:1	G	GT	1
Neurons	12	103418213	N:1:Del:T:3	AT	A	1
Neurons	12	105254338	U:1:Del:T:0	GA	G	-1
Neurons	12	108709725	U:1:Ins:T:1	T	TA	-1
Neurons	12	110788800	Q:5:Del:M:4	TTAGACTGTAAA	T	0
Neurons	12	110792061	N:2:Del:R:2	GTC	G	1
Neurons	12	111626443	T:1:Ins:C:5	C	CG	-1
Neurons	12	115042102	N:4:Del:M:1	TTCTC	T	1
Neurons	12	117420664	Q:2:Del:R:0	CGT	C	0
Neurons	12	118383903	Q:4:Del:M:3	ATACT	A	0
Neurons	12	120176704	U:4:Del:M:1	AAAAG	A	-1
Neurons	12	122963101	U:1:Del:C:0	TG	T	-1
Neurons	12	125928502	Q:2:Ins:R:1	T	TTA	0
Neurons	12	125996663	Q:3:Del:R:0	AGCT	A	0
Neurons	12	127323048	N:1:Del:C:3	TC	T	1
Neurons	12	127995836	N:1:Ins:C:0	G	GC	1
Neurons	12	129725102	Q:3:Del:R:1	GGTT	G	0
Neurons	12	131173611	Q:4:Del:R:1	CTGAT	C	0
Neurons	12	131380006	N:1:Ins:T:3	G	GA	-1
Neurons	12	132386775	Q:5:Del:R:0	CACAGCTGTGGCT	C	0
Neurons	13	20621524	Q:4:Del:M:2	TACTC	T	0
Neurons	13	24442833	Q:3:Del:R:1	TTAA	T	0
Neurons	13	26497129	U:2:Del:R:1	CTT	C	1
Neurons	13	26623547	Q:5:Ins:R:0	T	TTTTTGGAGCCATCCCA	0
Neurons	13	31550389	N:1:Del:T:1	CT	C	1
Neurons	13	35600562	Q:5:Ins:R:0	C	CTTTATA	0
Neurons	13	36326590	N:1:Ins:T:3	G	GT	1
Neurons	13	38851160	N:1:Ins:T:0	A	AT	1
Neurons	13	41789244	N:1:Del:T:0	TA	T	-1
Neurons	13	42436916	U:1:Ins:T:1	T	TA	-1
Neurons	13	43324737	N:4:Del:M:1	GTATT	G	1
Neurons	13	43492463	Q:4:Del:M:3	GTTTA	G	0
Neurons	13	46870586	N:2:Del:R:1	TAA	T	-1
Neurons	13	49188558	N:4:Del:R:0	TCATG	T	1
Neurons	13	49466420	N:3:Del:M:2	CCTT	C	1
Neurons	13	53196579	Q:5:Del:M:4	GTATTA	G	0
Neurons	13	53484136	N:3:Del:M:2	GAGA	G	-1
Neurons	13	54137546	N:4:Del:R:0	CTGTT	C	1
Neurons	13	61048869	Q:2:Del:M:1	AAC	A	0
Neurons	13	62750528	N:1:Del:C:3	AC	A	1
Neurons	13	65695003	N:5:Del:M:3	ATCTTT	A	1
Neurons	13	67376920	Q:5:Del:R:1	CTTTAT	C	0
Neurons	13	67400704	U:1:Ins:C:1	T	TG	-1
Neurons	13	69728456	N:1:Del:C:1	TC	T	1
Neurons	13	71239640	N:4:Del:R:1	AATAG	A	-1
Neurons	13	75870822	U:2:Del:R:3	CAG	C	-1
Neurons	13	76976080	N:1:Del:T:3	AT	A	1
Neurons	13	78303716	T:3:Ins:R:0	T	TAAA	-1
Neurons	13	78324082	Q:5:Del:R:0	CCAAATGTA	C	0
Neurons	13	78869705	N:1:Del:C:3	TG	T	-1
Neurons	13	80561857	N:1:Del:C:1	TC	T	1
Neurons	13	80691845	N:5:Del:R:0	GGCCATAT	G	-1
Neurons	13	82179659	N:1:Del:T:0	TA	T	-1
Neurons	13	82641955	N:4:Del:R:1	GTTTA	G	1
Neurons	13	83153660	N:4:Del:M:3	TTCTG	T	1
Neurons	13	83383140	N:1:Del:C:2	AG	A	-1
Neurons	13	84899389	N:1:Del:T:1	TA	T	-1
Neurons	13	90430873	N:5:Ins:R:1	T	TATCTGTGGGTTCCCC	-1
Neurons	13	93266393	T:2:Del:R:0	TAA	T	-1
Neurons	13	97296291	U:1:Del:T:0	AT	A	1
Neurons	13	98374969	N:5:Del:M:2	ATCCTGTTGAAAGAT	A	1
Neurons	13	101853158	Q:4:Del:M:1	TAAAC	T	0
Neurons	13	103408183	N:1:Ins:T:1	A	AT	1
Neurons	13	106533300	N:1:Del:T:5	AT	A	1
Neurons	13	106641144	N:5:Del:R:0	TAACTG	T	-1
Neurons	13	109056322	N:1:Del:T:1	CA	C	-1
Neurons	13	109413823	U:2:Del:M:1	TTC	T	1
Neurons	13	110453121	N:3:Del:M:2	TATA	T	-1
Neurons	13	113223117	U:1:Ins:T:1	C	CA	-1
Neurons	13	114861111	Q:4:Del:M:3	ACACT	A	0
Neurons	14	21674574	N:4:Ins:R:2	G	GGCCA	-1
Neurons	14	21851693	U:1:Del:T:0	GA	G	-1
Neurons	14	22162983	N:1:Del:C:1	AC	A	1
Neurons	14	23005670	N:4:Del:R:1	AAAAG	A	-1
Neurons	14	23233663	N:1:Del:C:0	GC	G	1
Neurons	14	25484426	U:1:Del:T:5	TA	T	-1
Neurons	14	28423911	N:1:Del:T:1	CA	C	-1
Neurons	14	29330913	N:1:Del:T:5	GT	G	1
Neurons	14	29859119	N:2:Del:R:0	CAG	C	-1
Neurons	14	29991614	N:4:Del:M:3	GATTT	G	-1
Neurons	14	32109495	U:1:Del:C:1	AC	A	1
Neurons	14	35171259	N:5:Del:M:1	TCACAGCCAGAGCATGACA	T	1
Neurons	14	35633186	Q:2:Ins:R:1	C	CTA	0
Neurons	14	37807469	U:1:Del:C:2	GC	G	1
Neurons	14	38062656	T:2:Del:R:0	CCT	C	1
Neurons	14	42484981	N:1:Del:T:0	TA	T	-1
Neurons	14	44387317	N:5:Del:R:0	ACTAAGAGGAAAG	A	1
Neurons	14	44421741	N:5:Del:R:1	GGTCAT	G	-1
Neurons	14	47985696	Q:4:Del:R:0	ATATT	A	0
Neurons	14	49791003	N:1:Ins:T:1	T	TA	-1
Neurons	14	51198735	Q:3:Ins:R:1	T	TTGA	0
Neurons	14	51547865	Q:5:Del:M:2	CAATAAT	C	0
Neurons	14	54029247	N:1:Ins:T:3	G	GA	-1
Neurons	14	54740458	N:1:Del:T:5	GT	G	1
Neurons	14	56091974	Q:5:Ins:R:0	A	AGTCCC	0
Neurons	14	57259482	N:4:Del:R:1	AATTT	A	-1
Neurons	14	57507564	N:1:Del:C:1	AG	A	-1
Neurons	14	63163481	N:1:Del:C:1	AG	A	-1
Neurons	14	64991688	U:1:Del:C:0	AC	A	1
Neurons	14	67516184	U:1:Ins:T:0	A	AT	1
Neurons	14	73494315	N:2:Del:R:0	TAA	T	-1
Neurons	14	76502696	Q:4:Del:R:2	TTTTG	T	0
Neurons	14	81256218	Q:5:Ins:R:4	G	GTTGTT	0
Neurons	14	82321249	N:3:Del:R:0	TAGA	T	-1
Neurons	14	83367703	N:2:Ins:R:0	A	ATT	1
Neurons	14	84751379	N:1:Del:T:1	AT	A	1
Neurons	14	85624055	N:4:Del:M:3	ATTAC	A	1
Neurons	14	85925640	N:1:Del:C:0	TG	T	-1
Neurons	14	87336794	N:1:Del:T:2	CT	C	1
Neurons	14	89990823	Q:5:Ins:R:0	T	TACATATAAAACAA	0
Neurons	14	92140579	U:1:Del:T:0	TA	T	-1
Neurons	14	93505521	T:1:Del:C:0	TC	T	1
Neurons	14	93973378	Q:4:Del:M:2	CCATT	C	0
Neurons	14	98572712	N:1:Ins:T:1	G	GT	1
Neurons	14	101279281	N:5:Del:R:0	CTGCAGAATCCACTCCAAGA	C	1
Neurons	14	102376738	Q:2:Ins:R:5	A	ATG	0
Neurons	14	102393078	Q:4:Del:M:2	TAGTG	T	0
Neurons	14	104405319	U:1:Ins:T:3	C	CT	1
Neurons	14	105715445	Q:5:Del:M:5	CCGCGCCCG	C	0
Neurons	15	20499599	N:2:Del:R:0	CTA	C	1
Neurons	15	22301755	N:1:Del:C:0	AC	A	1
Neurons	15	25671757	U:2:Del:R:1	CAA	C	-1
Neurons	15	26201992	N:2:Del:R:0	TCA	T	1
Neurons	15	27227394	Q:4:Del:R:1	GGTCA	G	0
Neurons	15	27365360	U:1:Ins:C:2	A	AC	1
Neurons	15	28047375	T:1:Del:C:0	AC	A	1
Neurons	15	28343227	U:1:Ins:C:2	A	AG	-1
Neurons	15	28378021	U:1:Ins:T:3	T	TA	-1
Neurons	15	30032850	Q:4:Del:R:2	CCAAA	C	0
Neurons	15	30038963	T:4:Del:R:1	GTTTC	G	1
Neurons	15	33683726	U:1:Del:T:0	CT	C	1
Neurons	15	39639823	N:1:Del:T:0	CA	C	-1
Neurons	15	41765342	U:1:Ins:T:5	G	GT	1
Neurons	15	43210297	Q:5:Del:M:1	GGGGTCTT	G	0
Neurons	15	48313174	N:1:Del:T:5	GT	G	1
Neurons	15	48485300	T:1:Ins:T:3	C	CA	-1
Neurons	15	52332711	Q:5:Del:R:0	TTACTTC	T	0
Neurons	15	53381561	N:1:Del:C:0	AG	A	-1
Neurons	15	53931255	U:1:Del:T:0	GA	G	-1
Neurons	15	55622824	U:2:Del:M:1	CTT	C	1
Neurons	15	56966316	T:1:Ins:T:1	A	AT	1
Neurons	15	57240923	U:1:Del:T:4	GT	G	1
Neurons	15	57965630	Q:4:Del:R:1	CTCTG	C	0
Neurons	15	60392172	N:3:Del:M:2	AAAC	A	-1
Neurons	15	60786613	U:2:Del:R:1	TAA	T	-1
Neurons	15	61000239	Q:4:Del:R:1	AAACT	A	0
Neurons	15	64898225	Q:5:Del:M:1	ATTACAGGTG	A	0
Neurons	15	66794601	U:1:Ins:T:1	C	CA	-1
Neurons	15	67926825	Q:3:Del:R:1	GTTA	G	0
Neurons	15	68376709	Q:2:Ins:R:1	T	TTG	0
Neurons	15	72285522	T:1:Del:T:0	CT	C	1
Neurons	15	72569214	N:3:Del:R:3	ACTT	A	1
Neurons	15	74123864	N:5:Del:R:0	TTTAGTAGAGATGG	T	1
Neurons	15	75832518	U:1:Del:C:0	AG	A	-1
Neurons	15	83637080	N:1:Del:C:3	TC	T	1
Neurons	15	83734207	Q:4:Del:M:2	ATTAT	A	0
Neurons	15	90649547	N:5:Del:R:2	AGTGCAGTG	A	-1
Neurons	15	95014151	T:1:Del:T:0	GA	G	-1
Neurons	15	96347667	N:1:Del:T:0	TA	T	-1
Neurons	15	97310602	N:3:Del:R:1	CTTT	C	1
Neurons	15	99581563	N:1:Del:C:3	AG	A	-1
Neurons	16	3812909	Q:4:Del:R:0	GGGAC	G	0
Neurons	16	4748875	U:1:Ins:C:3	C	CG	-1
Neurons	16	6292399	Q:4:Del:M:3	TTTTA	T	0
Neurons	16	6497237	Q:2:Del:M:1	TAC	T	0
Neurons	16	8952198	Q:2:Del:R:0	CTG	C	0
Neurons	16	8988927	U:2:Del:R:0	GAA	G	-1
Neurons	16	9906521	U:2:Del:M:1	AAG	A	-1
Neurons	16	10309899	N:1:Del:T:2	TA	T	-1
Neurons	16	11973744	T:1:Ins:T:0	C	CT	1
Neurons	16	15590317	Q:3:Del:R:0	TCAC	T	0
Neurons	16	15601259	Q:2:Del:R:0	CAT	C	0
Neurons	16	19158900	N:4:Del:R:1	AAACT	A	-1
Neurons	16	19952882	N:4:Del:R:1	TTGAC	T	1
Neurons	16	21041963	U:1:Ins:T:4	C	CA	-1
Neurons	16	21193921	N:2:Del:M:1	CCA	C	1
Neurons	16	23244158	N:2:Del:M:1	AAC	A	-1
Neurons	16	28323186	Q:5:Del:M:1	GGCAACTCT	G	0
Neurons	16	30079194	T:1:Del:C:2	AG	A	-1
Neurons	16	30082036	N:5:Del:M:1	TTTAGGTCCAGAAC	T	1
Neurons	16	31078885	U:1:Ins:T:1	C	CA	-1
Neurons	16	32830199	N:1:Del:T:0	CT	C	1
Neurons	16	34425725	N:1:Del:T:5	CA	C	-1
Neurons	16	47694168	Q:5:Del:M:2	TCTCATGTTGAC	T	0
Neurons	16	50369298	U:3:Del:R:1	TGAG	T	-1
Neurons	16	51182126	T:1:Ins:T:1	G	GT	1
Neurons	16	52463501	N:1:Del:T:2	CA	C	-1
Neurons	16	56980362	N:4:Del:R:2	AAAAT	A	-1
Neurons	16	59508016	N:1:Del:T:3	CA	C	-1
Neurons	16	59918907	N:1:Ins:C:2	T	TC	1
Neurons	16	61440675	N:1:Ins:T:1	T	TA	-1
Neurons	16	63036307	N:5:Del:R:0	GGAAAGC	G	-1
Neurons	16	63561092	N:4:Del:R:2	AAGAT	A	-1
Neurons	16	64205955	N:1:Del:T:4	GA	G	-1
Neurons	16	65759429	N:1:Del:C:1	TC	T	1
Neurons	16	68910098	U:1:Del:T:1	CT	C	1
Neurons	16	73966831	N:1:Ins:T:5	T	TA	-1
Neurons	16	82410984	N:1:Del:T:4	CT	C	1
Neurons	16	84622976	T:1:Ins:C:5	A	AC	1
Neurons	16	84920357	U:2:Ins:R:2	G	GCT	1
Neurons	16	87122168	N:1:Del:T:2	GT	G	1
Neurons	16	88845994	U:3:Del:M:1	CAGG	C	-1
Neurons	17	1319204	N:5:Del:R:0	GCCATC	G	1
Neurons	17	2757508	Q:5:Del:M:2	CTCCTCTCCAGGTACCG	C	0
Neurons	17	4092776	U:4:Del:R:0	TAAAA	T	-1
Neurons	17	7367681	T:1:Del:T:1	GT	G	1
Neurons	17	8442975	T:1:Ins:T:1	G	GT	1
Neurons	17	8828262	U:1:Del:C:2	AG	A	-1
Neurons	17	12519383	N:1:Del:T:5	CT	C	1
Neurons	17	14719820	N:4:Del:M:3	CAAAT	C	-1
Neurons	17	14768826	N:5:Del:M:1	TTGCCTGATCAGA	T	1
Neurons	17	16452517	N:3:Del:R:0	TGAA	T	-1
Neurons	17	20086241	U:1:Ins:C:0	T	TC	1
Neurons	17	21304519	Q:5:Del:M:4	GGACCAAGGAAGGGCATCCCGACTGT	G	0
Neurons	17	21786872	N:2:Del:R:1	TTA	T	1
Neurons	17	28336429	U:1:Del:T:0	CT	C	1
Neurons	17	29753072	T:1:Ins:T:1	C	CA	-1
Neurons	17	30038416	N:1:Del:C:1	AG	A	-1
Neurons	17	31329444	N:1:Ins:C:1	A	AG	-1
Neurons	17	34064046	Q:5:Del:M:2	TATAGGC	T	0
Neurons	17	40990915	U:1:Del:T:0	AT	A	1
Neurons	17	41115449	U:4:Del:R:1	AAAAG	A	-1
Neurons	17	46117108	N:1:Ins:T:5	G	GT	1
Neurons	17	48065459	N:4:Del:R:1	CCTCT	C	1
Neurons	17	48599911	Q:5:Del:M:2	AGGGCGTGGT	A	0
Neurons	17	51687591	N:1:Del:T:0	AT	A	1
Neurons	17	56569369	U:1:Ins:T:5	T	TA	-1
Neurons	17	56985469	Q:5:Ins:R:1	G	GTCTCACTC	0
Neurons	17	57189056	U:1:Del:C:2	AG	A	-1
Neurons	17	57643636	Q:2:Del:R:1	CTG	C	0
Neurons	17	60944268	N:1:Ins:T:1	G	GT	1
Neurons	17	61260304	U:1:Del:T:2	CT	C	1
Neurons	17	61659965	T:1:Del:T:0	GA	G	-1
Neurons	17	62523141	T:1:Del:C:1	AG	A	-1
Neurons	17	63728722	Q:5:Ins:R:1	T	TAGTGTA	0
Neurons	17	65372730	N:5:Del:M:1	AAAATG	A	-1
Neurons	17	68102196	U:1:Ins:T:1	C	CT	1
Neurons	17	71791298	N:1:Del:T:1	AT	A	1
Neurons	17	75329700	U:4:Del:R:1	TTCTC	T	1
Neurons	17	76037415	T:1:Ins:T:1	T	TA	-1
Neurons	18	587976	N:2:Del:M:1	GAT	G	-1
Neurons	18	1362353	N:1:Ins:T:3	T	TA	-1
Neurons	18	1443702	N:1:Del:T:5	CA	C	-1
Neurons	18	2119679	N:1:Del:C:0	AG	A	-1
Neurons	18	3350865	N:5:Del:R:0	CCCGGAGAT	C	1
Neurons	18	4055863	Q:5:Del:R:0	ATTATACTGTCAT	A	0
Neurons	18	4513143	N:1:Del:T:4	GT	G	1
Neurons	18	9705843	N:1:Del:T:5	CA	C	-1
Neurons	18	10953345	T:1:Del:T:0	CT	C	1
Neurons	18	13560602	Q:2:Del:R:1	TTG	T	0
Neurons	18	18671500	T:1:Del:T:1	GT	G	1
Neurons	18	20374152	N:4:Del:M:2	TTAAA	T	1
Neurons	18	23500270	N:1:Ins:T:1	G	GT	1
Neurons	18	25330928	N:4:Del:M:3	CAAAG	C	-1
Neurons	18	26389688	N:2:Del:R:0	TTG	T	1
Neurons	18	27923141	N:5:Del:M:1	GGTGGAGACTTAT	G	-1
Neurons	18	28614836	Q:5:Ins:R:0	G	GATTGTAGTA	0
Neurons	18	28847314	N:3:Ins:R:5	A	AAAT	-1
Neurons	18	30935160	T:1:Del:T:0	GT	G	1
Neurons	18	31181080	T:1:Del:C:2	AG	A	-1
Neurons	18	31801196	Q:4:Del:R:1	AACAT	A	0
Neurons	18	32341315	T:1:Ins:T:4	C	CA	-1
Neurons	18	32629625	U:1:Ins:T:5	G	GT	1
Neurons	18	32701655	Q:5:Ins:R:1	T	TTATGTAAATG	0
Neurons	18	32830166	T:1:Ins:T:1	T	TA	-1
Neurons	18	32926363	N:4:Del:R:4	ATTTG	A	1
Neurons	18	38880736	N:1:Ins:T:5	G	GA	-1
Neurons	18	40037079	N:4:Del:R:1	TTCAA	T	1
Neurons	18	41322718	N:1:Del:T:0	TA	T	-1
Neurons	18	41400070	N:1:Del:T:1	GA	G	-1
Neurons	18	43525185	T:2:Del:R:1	ACT	A	1
Neurons	18	46445134	N:1:Del:C:1	AC	A	1
Neurons	18	49491228	N:5:Del:M:4	TTTTAA	T	1
Neurons	18	51681343	T:1:Del:T:1	AT	A	1
Neurons	18	53440934	N:1:Del:C:0	GC	G	1
Neurons	18	57172176	U:1:Del:T:5	CA	C	-1
Neurons	18	60410064	Q:5:Del:M:2	TATTGA	T	0
Neurons	18	63247159	N:1:Del:C:0	TG	T	-1
Neurons	18	63501817	Q:4:Del:R:1	TAACA	T	0
Neurons	18	65613355	N:5:Del:M:3	TTTTAAC	T	1
Neurons	18	69120526	N:1:Del:T:0	AT	A	1
Neurons	18	73188105	N:1:Del:T:4	CA	C	-1
Neurons	18	75915985	N:1:Del:T:1	AT	A	1
Neurons	19	3416045	Q:4:Del:R:0	CGGCT	C	0
Neurons	19	5266490	T:2:Del:R:1	GTC	G	1
Neurons	19	6370630	N:1:Ins:T:1	A	AT	1
Neurons	19	6508403	N:2:Ins:R:1	C	CCA	1
Neurons	19	8502583	Q:5:Del:M:5	TTTGCACGTTCTGG	T	0
Neurons	19	9452270	Q:4:Del:M:1	AACTT	A	0
Neurons	19	10505731	U:1:Ins:C:5	C	CG	-1
Neurons	19	10540021	U:5:Del:M:2	TTTCTC	T	1
Neurons	19	16632690	U:1:Ins:C:3	A	AG	-1
Neurons	19	18410225	N:1:Del:C:1	GC	G	1
Neurons	19	18431652	T:1:Ins:T:1	G	GT	1
Neurons	19	18998744	T:1:Ins:C:5	A	AC	1
Neurons	19	19640778	U:1:Ins:C:5	G	GC	1
Neurons	19	23189953	N:5:Ins:R:0	T	TTTTCTTTTTAC	1
Neurons	19	23974588	Q:2:Del:R:0	CTG	C	0
Neurons	19	24191987	N:4:Del:M:3	AACAG	A	-1
Neurons	19	28753625	N:2:Del:M:1	TTC	T	1
Neurons	19	30077465	N:4:Del:R:1	CTCTG	C	1
Neurons	19	31534169	N:1:Ins:T:0	C	CT	1
Neurons	19	31824515	U:1:Ins:T:5	C	CA	-1
Neurons	19	32680309	N:2:Del:R:0	TGG	T	-1
Neurons	19	36661037	N:2:Del:M:1	CAG	C	-1
Neurons	19	37723276	U:1:Ins:T:5	G	GT	1
Neurons	19	37840000	U:1:Del:T:0	GT	G	1
Neurons	19	40078549	N:4:Del:M:3	ATAGT	A	1
Neurons	19	40330577	Q:5:Del:M:3	AGGCCAGGGT	A	0
Neurons	19	44779557	Q:4:Del:M:3	TTCTA	T	0
Neurons	19	50215790	T:3:Del:R:1	AGAG	A	-1
Neurons	19	54993215	N:1:Del:C:2	TG	T	-1
Neurons	19	58615540	T:1:Del:T:1	GT	G	1
Neurons	1	3190468	Q:2:Del:R:1	CGT	C	0
Neurons	1	3595517	T:1:Del:T:0	CA	C	-1
Neurons	1	7338685	U:1:Ins:T:3	C	CT	1
Neurons	1	14948865	Q:2:Ins:R:0	A	AAT	0
Neurons	1	18622610	U:1:Ins:T:3	G	GT	1
Neurons	1	19532269	Q:3:Del:R:1	ATGT	A	0
Neurons	1	21155742	T:1:Ins:C:2	G	GC	1
Neurons	1	21212900	T:1:Del:C:0	AC	A	1
Neurons	1	22007292	T:1:Ins:T:1	G	GT	1
Neurons	1	23683299	N:3:Del:R:1	TTGC	T	1
Neurons	1	28306565	Q:5:Del:M:1	AGGTGCACTTGG	A	0
Neurons	1	28651594	N:5:Del:R:3	TCAAAA	T	1
Neurons	1	29834209	N:2:Del:R:1	TCA	T	1
Neurons	1	33889634	U:2:Del:R:0	TGG	T	-1
Neurons	1	36771936	N:5:Del:R:0	TGTCTTG	T	-1
Neurons	1	39598485	Q:5:Ins:R:1	G	GAATTCAAAGCACATACAT	0
Neurons	1	40846508	Q:3:Ins:R:0	C	CCTA	0
Neurons	1	41221529	U:1:Del:T:0	AT	A	1
Neurons	1	41777701	N:2:Ins:R:2	C	CAT	-1
Neurons	1	44108464	N:3:Del:M:2	CAGA	C	-1
Neurons	1	45298027	U:1:Del:T:0	CA	C	-1
Neurons	1	48813108	U:2:Del:R:0	TAA	T	-1
Neurons	1	52726701	Q:2:Del:M:1	CTG	C	0
Neurons	1	55531447	N:1:Del:C:2	GC	G	1
Neurons	1	58120652	T:1:Del:C:1	TC	T	1
Neurons	1	60997329	N:4:Del:R:1	CCAAA	C	1
Neurons	1	65510337	N:3:Del:R:1	CTTG	C	1
Neurons	1	69783172	N:1:Del:C:0	GC	G	1
Neurons	1	70202972	Q:4:Del:M:3	TAGTA	T	0
Neurons	1	70585004	T:1:Ins:T:2	T	TA	-1
Neurons	1	75106127	T:1:Del:C:1	AC	A	1
Neurons	1	77427795	U:1:Ins:T:3	C	CT	1
Neurons	1	78015097	U:2:Del:M:1	ATC	A	1
Neurons	1	79657737	N:4:Del:M:3	TCTTA	T	1
Neurons	1	81851113	T:3:Ins:R:0	T	TAGG	-1
Neurons	1	81999465	U:3:Del:M:1	GCTC	G	1
Neurons	1	85832935	Q:3:Ins:R:0	A	AGTT	0
Neurons	1	89382558	N:4:Del:M:3	CTTTA	C	1
Neurons	1	91918618	N:1:Ins:T:5	G	GT	1
Neurons	1	94609129	N:5:Del:R:0	CTGCTG	C	1
Neurons	1	96108695	N:5:Del:M:2	TTCAATGTTTCTCA	T	1
Neurons	1	104062542	N:1:Del:C:1	GC	G	1
Neurons	1	106115946	N:5:Del:R:0	TCATATTCTTTCAGA	T	1
Neurons	1	109044373	N:1:Del:C:1	TG	T	-1
Neurons	1	111239502	N:5:Del:R:0	AAAGTG	A	-1
Neurons	1	117927312	Q:4:Del:M:3	TTGTC	T	0
Neurons	1	119043282	N:1:Del:C:1	AG	A	-1
Neurons	1	149235924	N:5:Del:M:3	TGTATTATTA	T	-1
Neurons	1	150802681	T:1:Del:C:0	GC	G	1
Neurons	1	154130850	U:1:Del:T:3	CA	C	-1
Neurons	1	156443955	U:1:Del:T:5	TA	T	-1
Neurons	1	157903632	N:3:Del:M:2	CTGG	C	1
Neurons	1	158851998	N:1:Del:C:0	GC	G	1
Neurons	1	159143637	Q:5:Del:M:4	ATAGAC	A	0
Neurons	1	159494126	N:1:Del:C:1	AC	A	1
Neurons	1	164659714	Q:5:Del:M:1	AAGAATAC	A	0
Neurons	1	165204400	T:1:Del:C:0	GC	G	1
Neurons	1	166512015	N:5:Del:M:3	CTAATA	C	1
Neurons	1	171581264	N:3:Del:M:1	TGCA	T	-1
Neurons	1	171702510	U:1:Del:C:5	TG	T	-1
Neurons	1	172819625	N:1:Del:C:1	TC	T	1
Neurons	1	178352298	T:1:Del:T:1	GA	G	-1
Neurons	1	179158757	U:1:Del:C:1	AG	A	-1
Neurons	1	180388085	T:1:Del:T:1	GT	G	1
Neurons	1	182996039	U:4:Del:M:3	GTTTC	G	1
Neurons	1	184273144	N:1:Del:T:1	GT	G	1
Neurons	1	184666335	Q:3:Del:M:2	AAAT	A	0
Neurons	1	184939722	T:3:Del:M:1	ATTT	A	1
Neurons	1	187119819	N:4:Del:R:1	CTTAG	C	1
Neurons	1	187702859	N:4:Del:M:1	AGAGT	A	-1
Neurons	1	190074065	U:1:Del:T:1	GA	G	-1
Neurons	1	192223802	N:3:Del:R:1	GTTC	G	1
Neurons	1	193821792	N:2:Del:R:0	ATT	A	1
Neurons	1	198275394	T:1:Del:T:0	GA	G	-1
Neurons	1	198419669	N:3:Del:R:2	TACA	T	-1
Neurons	1	198432948	N:1:Del:T:5	CT	C	1
Neurons	1	202961088	N:1:Ins:T:1	T	TA	-1
Neurons	1	203056558	N:4:Del:M:3	CTCTA	C	1
Neurons	1	204527766	Q:5:Del:M:1	CAGGATGCCA	C	0
Neurons	1	208020386	N:5:Ins:R:1	A	ATGAGAATGG	1
Neurons	1	208066351	U:2:Ins:R:1	G	GGA	-1
Neurons	1	208194932	N:4:Del:R:0	CCTTT	C	1
Neurons	1	208395669	U:1:Del:T:3	CA	C	-1
Neurons	1	212635275	N:1:Ins:C:2	T	TG	-1
Neurons	1	212976883	Q:5:Del:M:4	GATAAGA	G	0
Neurons	1	213321995	Q:5:Del:M:2	TGTCTTTGTCTG	T	0
Neurons	1	220746656	Q:4:Del:M:3	CTTTG	C	0
Neurons	1	220839837	N:1:Del:T:0	CA	C	-1
Neurons	1	221641549	N:1:Ins:T:5	A	AT	1
Neurons	1	223387146	N:5:Del:M:1	AGTTTACATTAG	A	-1
Neurons	1	230902591	T:2:Ins:R:1	A	AGG	-1
Neurons	1	236722135	U:1:Ins:T:1	T	TA	-1
Neurons	1	237031866	Q:5:Del:M:3	TATACTCTGTA	T	0
Neurons	1	239765206	N:1:Del:C:1	TC	T	1
Neurons	1	239812302	U:1:Del:C:0	AC	A	1
Neurons	1	241324724	Q:3:Del:R:3	TTAA	T	0
Neurons	1	243403745	T:1:Del:T:1	CT	C	1
Neurons	1	243667188	Q:4:Del:M:2	ATTAC	A	0
Neurons	1	243709571	Q:4:Ins:R:1	C	CTTTA	0
Neurons	1	247404903	N:3:Del:R:1	GAGA	G	-1
Neurons	1	248117426	T:1:Del:T:2	GA	G	-1
Neurons	1	248157174	T:1:Del:T:0	CA	C	-1
Neurons	1	248767457	N:1:Del:T:1	AT	A	1
Neurons	20	2665956	N:1:Del:C:0	AG	A	-1
Neurons	20	3190549	Q:3:Del:R:1	TAAC	T	0
Neurons	20	8452242	T:1:Del:C:2	TG	T	-1
Neurons	20	8472024	Q:5:Del:R:0	TTTGAA	T	0
Neurons	20	8526796	Q:4:Del:M:2	TAATA	T	0
Neurons	20	9733368	T:1:Ins:T:1	G	GT	1
Neurons	20	9805839	T:2:Del:R:1	GCT	G	1
Neurons	20	9842307	N:1:Del:T:0	AT	A	1
Neurons	20	11071878	N:3:Ins:R:1	C	CCTA	1
Neurons	20	15877219	U:5:Del:M:3	ATCTTT	A	1
Neurons	20	16563373	N:3:Del:R:0	TTTG	T	1
Neurons	20	19094995	N:2:Del:R:0	CTT	C	1
Neurons	20	22356070	N:3:Del:R:1	GTGA	G	1
Neurons	20	32566905	N:3:Del:R:5	TAAC	T	-1
Neurons	20	33427650	N:4:Del:R:1	TTTTC	T	1
Neurons	20	34520699	Q:3:Del:R:1	ATGT	A	0
Neurons	20	36683579	T:2:Del:R:1	CAA	C	-1
Neurons	20	38288131	N:4:Del:M:3	CTCTG	C	1
Neurons	20	38875111	N:2:Del:R:1	CTG	C	1
Neurons	20	39691182	Q:5:Del:R:1	ATCTAC	A	0
Neurons	20	40008232	N:1:Ins:T:1	C	CA	-1
Neurons	20	42863745	N:4:Del:R:1	TTCTC	T	1
Neurons	20	45838463	Q:3:Del:R:1	AAAT	A	0
Neurons	20	48040915	Q:4:Del:M:2	TACTC	T	0
Neurons	20	48046877	T:1:Del:T:1	CT	C	1
Neurons	20	50321842	Q:5:Del:R:0	TGCTACACTGAA	T	0
Neurons	20	51681807	U:1:Del:C:0	TC	T	1
Neurons	20	51903725	T:3:Del:R:0	CAAG	C	-1
Neurons	20	53459431	N:3:Ins:R:0	T	TGGA	-1
Neurons	20	59853937	Q:5:Ins:R:0	C	CGTAGGTGGCAAT	0
Neurons	21	15719756	N:5:Ins:R:1	A	ACCTTCCCTTTGT	1
Neurons	21	16073646	N:1:Del:T:5	AT	A	1
Neurons	21	16107856	N:1:Del:C:1	TG	T	-1
Neurons	21	16398140	U:1:Del:C:2	CG	C	-1
Neurons	21	17623561	N:2:Del:R:0	TGC	T	-1
Neurons	21	19989516	N:2:Del:M:1	CTT	C	1
Neurons	21	20509733	N:4:Del:M:2	AAAGT	A	-1
Neurons	21	22731219	U:1:Del:T:3	AT	A	1
Neurons	21	28428330	N:1:Del:C:0	TC	T	1
Neurons	21	31959468	N:4:Del:R:0	TGTGC	T	-1
Neurons	21	35506607	Q:5:Del:R:0	AATGTGCAAG	A	0
Neurons	21	36882532	T:1:Del:C:0	TC	T	1
Neurons	21	40334416	N:4:Ins:R:1	C	CATCA	-1
Neurons	21	43262943	U:1:Del:T:0	GA	G	-1
Neurons	22	20862640	T:1:Del:C:1	AG	A	-1
Neurons	22	20938282	Q:3:Del:R:0	GGAT	G	0
Neurons	22	22392587	N:1:Del:T:4	CA	C	-1
Neurons	22	26743253	Q:5:Del:R:0	TTTTAAA	T	0
Neurons	22	27072659	N:3:Del:R:1	TTGG	T	1
Neurons	22	30792218	Q:3:Ins:R:0	T	TGTC	0
Neurons	22	32307458	N:5:Del:M:1	TACTGGGAGGGAATGCTGA	T	-1
Neurons	22	32485313	T:1:Del:T:0	CA	C	-1
Neurons	22	33156252	Q:4:Del:M:1	TTGAG	T	0
Neurons	22	33986359	T:1:Ins:T:3	G	GT	1
Neurons	22	36228984	Q:5:Del:M:1	GAGATTTGA	G	0
Neurons	22	37432836	N:1:Del:T:1	GT	G	1
Neurons	22	38082083	N:5:Del:M:2	TAGTAC	T	-1
Neurons	22	39728589	N:3:Ins:R:1	T	TCAG	1
Neurons	22	40711298	Q:5:Del:M:2	GATTACAAATCAAC	G	0
Neurons	22	42678823	Q:5:Del:R:0	CGGCCTGT	C	0
Neurons	22	43510615	Q:5:Ins:R:1	A	ACATTTATTG	0
Neurons	22	46968513	N:5:Del:R:0	AATACAAAAAT	A	-1
Neurons	22	48267175	N:5:Del:M:3	CTTTAT	C	1
Neurons	22	50177179	Q:2:Del:M:1	CTA	C	0
Neurons	22	50984416	N:5:Del:R:0	CTGGTGGGGT	C	1
Neurons	2	3656002	U:1:Del:C:0	AC	A	1
Neurons	2	3917180	N:1:Del:T:5	TA	T	-1
Neurons	2	4528098	N:5:Del:R:0	CTGGCTAT	C	1
Neurons	2	5620677	N:2:Del:M:1	ATC	A	1
Neurons	2	6217018	N:1:Del:T:2	AT	A	1
Neurons	2	9235250	N:1:Ins:C:2	A	AC	1
Neurons	2	9463049	Q:3:Del:R:1	CTTG	C	0
Neurons	2	9558930	U:1:Ins:T:1	C	CA	-1
Neurons	2	11415452	T:4:Del:R:2	GTCTC	G	1
Neurons	2	14814484	N:3:Del:R:1	TATG	T	-1
Neurons	2	18760390	U:1:Ins:T:5	G	GA	-1
Neurons	2	20227181	N:3:Del:R:1	CATA	C	-1
Neurons	2	20448226	N:1:Ins:T:3	T	TA	-1
Neurons	2	22028974	N:4:Del:M:3	TAATC	T	-1
Neurons	2	23655433	U:4:Ins:R:0	A	ATTTT	1
Neurons	2	24035577	U:1:Del:T:5	CA	C	-1
Neurons	2	26624390	N:4:Del:M:2	CTCTT	C	1
Neurons	2	26913832	N:4:Del:M:1	AAAAG	A	-1
Neurons	2	28387376	U:1:Del:C:1	TC	T	1
Neurons	2	31849436	N:1:Del:T:0	TA	T	-1
Neurons	2	32386937	N:5:Del:M:1	GGTGTCA	G	-1
Neurons	2	39836652	N:4:Del:M:3	CACTT	C	-1
Neurons	2	42005614	N:1:Del:T:2	CT	C	1
Neurons	2	43118137	N:1:Del:C:0	GC	G	1
Neurons	2	44618370	Q:3:Del:M:2	TATG	T	0
Neurons	2	46335171	U:3:Del:R:1	GTCC	G	1
Neurons	2	49909720	N:5:Del:M:3	AAAGGG	A	-1
Neurons	2	50356143	Q:4:Ins:R:0	A	ATAAC	0
Neurons	2	50406258	Q:5:Del:R:0	CTTTAGAA	C	0
Neurons	2	50745847	T:1:Ins:T:5	A	AT	1
Neurons	2	51355370	N:4:Ins:R:1	C	CAATT	-1
Neurons	2	53200140	N:1:Del:C:1	TG	T	-1
Neurons	2	53567221	N:1:Del:T:0	CA	C	-1
Neurons	2	54049009	Q:4:Del:R:3	AGTTT	A	0
Neurons	2	55668848	N:5:Ins:R:1	G	GTCTGGAGCC	1
Neurons	2	55997350	N:4:Del:R:1	CTCTT	C	1
Neurons	2	56972935	N:4:Del:M:2	CTTTA	C	1
Neurons	2	57605245	N:4:Del:M:3	TAAAG	T	-1
Neurons	2	57651940	N:2:Del:M:1	TTA	T	1
Neurons	2	58068872	N:1:Del:C:0	AG	A	-1
Neurons	2	61332780	T:1:Del:C:0	CG	C	-1
Neurons	2	61699363	N:2:Del:M:1	AAC	A	-1
Neurons	2	62385491	N:1:Del:T:2	CA	C	-1
Neurons	2	63143914	Q:5:Del:M:3	ATATAT	A	0
Neurons	2	65933766	N:2:Del:R:0	CTT	C	1
Neurons	2	67536879	N:4:Del:R:0	CTAAT	C	1
Neurons	2	71367172	Q:5:Del:R:0	AAAGACGAGTATTGT	A	0
Neurons	2	73552676	N:2:Ins:R:1	C	CTT	1
Neurons	2	77742215	T:1:Del:T:1	AT	A	1
Neurons	2	78128798	N:1:Del:T:0	CA	C	-1
Neurons	2	78809285	N:5:Del:M:3	CCTTAA	C	1
Neurons	2	80134474	Q:2:Ins:R:0	C	CAT	0
Neurons	2	80514454	Q:2:Del:M:1	TTA	T	0
Neurons	2	80745212	T:2:Del:M:1	CAA	C	-1
Neurons	2	81016237	N:1:Ins:T:1	C	CA	-1
Neurons	2	88496070	N:2:Ins:R:0	C	CAT	-1
Neurons	2	95875806	N:4:Del:M:2	CCGTT	C	1
Neurons	2	96850533	N:4:Del:R:1	CAGAA	C	-1
Neurons	2	97248906	N:4:Del:R:1	CTCTA	C	1
Neurons	2	100216085	Q:2:Del:M:1	AAT	A	0
Neurons	2	100930377	Q:5:Del:R:0	GTAATATTTTTA	G	0
Neurons	2	100985913	N:1:Del:T:0	CA	C	-1
Neurons	2	102530410	N:1:Del:C:0	TG	T	-1
Neurons	2	103706383	N:2:Del:M:1	CTT	C	1
Neurons	2	104962793	N:4:Del:M:2	GTGTT	G	1
Neurons	2	105064713	N:2:Ins:R:0	T	TAA	-1
Neurons	2	105276414	N:1:Ins:T:0	T	TA	-1
Neurons	2	109018046	N:5:Del:R:0	GAGAAAAGGCC	G	-1
Neurons	2	116551413	U:1:Del:C:0	AC	A	1
Neurons	2	123363611	N:5:Del:M:5	CTCTAAT	C	1
Neurons	2	125384352	U:1:Del:T:1	CT	C	1
Neurons	2	127540116	N:2:Del:R:0	AGG	A	-1
Neurons	2	128022246	T:1:Del:C:0	TC	T	1
Neurons	2	128341531	Q:2:Del:R:1	AGT	A	0
Neurons	2	128871783	U:1:Del:T:0	CT	C	1
Neurons	2	134600300	N:1:Del:C:1	TC	T	1
Neurons	2	137721586	U:1:Del:T:2	GT	G	1
Neurons	2	140385974	N:4:Del:M:3	ATCTC	A	1
Neurons	2	142102392	U:1:Del:T:1	TA	T	-1
Neurons	2	142667807	Q:5:Del:R:0	AATTTCTTTTCTAGCCAG	A	0
Neurons	2	151097904	N:3:Del:R:2	CTAA	C	1
Neurons	2	151144494	N:1:Del:C:5	AC	A	1
Neurons	2	152370032	T:1:Ins:T:3	C	CT	1
Neurons	2	152416537	Q:4:Del:M:2	GAGTT	G	0
Neurons	2	152762996	Q:4:Del:R:0	TACTC	T	0
Neurons	2	156080751	N:4:Del:R:1	CTAAG	C	1
Neurons	2	159510353	T:1:Ins:T:1	T	TA	-1
Neurons	2	160221276	Q:3:Del:R:1	ATGT	A	0
Neurons	2	166228409	T:5:Del:M:3	AAAGAG	A	-1
Neurons	2	166303687	N:1:Del:T:2	CA	C	-1
Neurons	2	166430638	T:1:Del:C:1	AG	A	-1
Neurons	2	166434934	Q:5:Del:R:1	CTAATA	C	0
Neurons	2	169405632	Q:5:Del:M:3	CTACTCTAAGTACATTAAACA	C	0
Neurons	2	175668304	T:2:Del:M:1	CTT	C	1
Neurons	2	178338310	Q:4:Del:M:1	CATAT	C	0
Neurons	2	179538503	Q:4:Del:R:2	CAATA	C	0
Neurons	2	179587378	T:1:Del:T:0	AT	A	1
Neurons	2	180035960	Q:5:Ins:R:0	T	TTTTAA	0
Neurons	2	180231097	N:1:Ins:C:1	G	GC	1
Neurons	2	182510754	T:1:Del:T:1	CT	C	1
Neurons	2	182925087	Q:2:Ins:R:3	T	TTG	0
Neurons	2	183116845	U:1:Del:C:0	AG	A	-1
Neurons	2	183589684	U:1:Ins:T:5	C	CT	1
Neurons	2	185561218	Q:3:Del:R:1	ATGT	A	0
Neurons	2	186812017	N:1:Del:T:2	TA	T	-1
Neurons	2	190972551	Q:2:Del:M:1	TTA	T	0
Neurons	2	191109979	T:1:Del:T:1	AT	A	1
Neurons	2	191751655	T:5:Del:M:3	AAAAAG	A	-1
Neurons	2	191767802	T:1:Del:C:1	AG	A	-1
Neurons	2	193246111	N:1:Ins:C:1	T	TC	1
Neurons	2	193969498	N:3:Del:R:1	AGTT	A	-1
Neurons	2	195622427	N:5:Ins:R:1	A	ATTAATG	1
Neurons	2	195712344	N:1:Del:T:0	CA	C	-1
Neurons	2	197051457	N:4:Del:M:1	TAGAG	T	-1
Neurons	2	197320440	Q:3:Ins:R:2	T	TTAA	0
Neurons	2	197329963	T:1:Ins:C:0	A	AC	1
Neurons	2	199457314	N:4:Del:M:3	TAAAC	T	-1
Neurons	2	200147056	Q:2:Del:R:0	CTG	C	0
Neurons	2	202656072	Q:5:Del:M:1	AATTGAAGAGAGTTCTTCCC	A	0
Neurons	2	204207285	Q:5:Ins:R:0	T	TTATTTATG	0
Neurons	2	206820080	N:5:Del:R:0	GGTGCAGTGAGC	G	-1
Neurons	2	210057000	N:1:Del:T:2	CT	C	1
Neurons	2	210301578	U:1:Ins:T:1	C	CT	1
Neurons	2	211022790	U:1:Del:C:1	AG	A	-1
Neurons	2	213495213	N:4:Del:M:3	TATTC	T	-1
Neurons	2	213685118	N:1:Del:T:1	GT	G	1
Neurons	2	216228086	Q:4:Del:M:2	TGTAA	T	0
Neurons	2	218388561	N:1:Del:C:2	GC	G	1
Neurons	2	219208532	Q:2:Del:R:0	TCA	T	0
Neurons	2	223435122	N:2:Del:M:1	TAC	T	-1
Neurons	2	225824199	T:1:Del:T:0	AT	A	1
Neurons	2	226160992	N:2:Ins:R:0	A	ATT	1
Neurons	2	226233145	N:1:Del:T:0	AT	A	1
Neurons	2	226389710	U:1:Del:C:0	TC	T	1
Neurons	2	227020448	N:2:Del:R:0	GGT	G	-1
Neurons	2	227082467	N:1:Del:T:5	GA	G	-1
Neurons	2	229351564	N:3:Ins:R:5	T	TTTA	1
Neurons	2	229677942	N:1:Ins:T:2	C	CT	1
Neurons	2	231452775	N:1:Del:T:3	CT	C	1
Neurons	2	231478823	N:1:Del:C:0	AC	A	1
Neurons	2	231725196	N:1:Del:C:0	AG	A	-1
Neurons	2	233366667	N:1:Ins:C:3	T	TG	-1
Neurons	2	233585947	U:1:Ins:T:1	C	CT	1
Neurons	2	233703009	Q:2:Del:R:1	TAC	T	0
Neurons	2	234418883	T:2:Del:M:1	CTT	C	1
Neurons	2	236384830	N:5:Del:M:3	AATGACAC	A	-1
Neurons	2	237916725	N:1:Del:T:2	AT	A	1
Neurons	3	2329500	T:3:Del:R:3	GGAA	G	-1
Neurons	3	5014505	N:1:Del:T:0	AT	A	1
Neurons	3	5364309	N:2:Del:R:0	TAG	T	-1
Neurons	3	7139024	T:1:Ins:T:5	C	CA	-1
Neurons	3	7387170	T:1:Ins:T:1	C	CA	-1
Neurons	3	9986691	T:4:Del:R:1	TAAAG	T	-1
Neurons	3	11682490	T:1:Del:T:0	CT	C	1
Neurons	3	11820260	N:1:Ins:T:1	G	GT	1
Neurons	3	13442695	T:1:Del:C:1	GC	G	1
Neurons	3	14728734	T:1:Del:T:4	GA	G	-1
Neurons	3	20419793	N:4:Del:R:2	AGAAG	A	-1
Neurons	3	22321137	N:3:Del:R:0	TATA	T	-1
Neurons	3	22671565	N:2:Del:R:0	AGC	A	-1
Neurons	3	24081967	N:1:Ins:T:4	G	GT	1
Neurons	3	24453058	Q:3:Del:R:3	AAAT	A	0
Neurons	3	27415722	Q:5:Del:M:3	GGTATTCA	G	0
Neurons	3	27550314	N:4:Del:M:2	CAAAT	C	-1
Neurons	3	28316285	T:1:Del:T:0	GA	G	-1
Neurons	3	29692464	Q:5:Del:R:0	ATGTTTCTAT	A	0
Neurons	3	30812897	Q:5:Del:R:0	AGAGCAT	A	0
Neurons	3	33613306	Q:3:Del:R:2	AAAC	A	0
Neurons	3	35694871	Q:4:Del:R:1	TCTAA	T	0
Neurons	3	35740944	Q:3:Del:M:1	TAAC	T	0
Neurons	3	35838628	N:1:Del:T:2	AT	A	1
Neurons	3	37481747	N:1:Del:T:5	GA	G	-1
Neurons	3	37512679	U:3:Del:R:2	CTCT	C	1
Neurons	3	39842080	N:1:Del:C:0	TC	T	1
Neurons	3	40280407	T:1:Del:T:0	TA	T	-1
Neurons	3	44820571	U:3:Del:M:2	ATTC	A	1
Neurons	3	47189749	Q:5:Del:M:1	TAGTTGGG	T	0
Neurons	3	50977513	Q:2:Ins:R:0	C	CAT	0
Neurons	3	52520148	U:1:Ins:T:1	C	CT	1
Neurons	3	56991230	U:1:Del:T:1	CA	C	-1
Neurons	3	58344465	T:1:Ins:T:1	C	CA	-1
Neurons	3	59245702	N:1:Del:T:2	CT	C	1
Neurons	3	62317879	U:1:Del:C:1	TC	T	1
Neurons	3	62650397	U:1:Del:C:1	CG	C	-1
Neurons	3	62787233	U:1:Del:C:0	AG	A	-1
Neurons	3	64887619	N:5:Del:M:1	TCATTC	T	1
Neurons	3	69113812	U:1:Ins:T:1	C	CA	-1
Neurons	3	69925470	T:1:Del:C:1	AG	A	-1
Neurons	3	71935337	N:5:Del:R:1	TATTTA	T	-1
Neurons	3	73122344	N:1:Ins:T:1	C	CA	-1
Neurons	3	74124709	N:5:Ins:R:1	G	GTAAGC	1
Neurons	3	74494743	Q:4:Del:R:1	ATATT	A	0
Neurons	3	75089115	N:1:Ins:T:5	C	CT	1
Neurons	3	76200372	Q:2:Del:R:0	CAT	C	0
Neurons	3	76390047	U:1:Del:T:0	AT	A	1
Neurons	3	78400325	N:4:Del:R:3	TTTCC	T	1
Neurons	3	79308682	T:4:Del:R:1	ATTCT	A	1
Neurons	3	80600342	N:4:Del:R:1	CTCTT	C	1
Neurons	3	82199588	N:3:Del:R:2	TTTC	T	1
Neurons	3	84631382	N:4:Del:M:3	TCAAA	T	1
Neurons	3	85426816	U:1:Del:T:2	CT	C	1
Neurons	3	86947457	N:4:Del:R:1	TAAAG	T	-1
Neurons	3	87302692	Q:5:Del:M:4	AGTTTCTGCCTACCAC	A	0
Neurons	3	87741404	N:3:Del:R:1	AAGC	A	-1
Neurons	3	88562298	N:1:Ins:T:2	C	CA	-1
Neurons	3	96776892	T:1:Del:T:4	TA	T	-1
Neurons	3	96906478	T:2:Del:M:1	AAG	A	-1
Neurons	3	97043391	U:4:Ins:R:0	T	TTCTC	1
Neurons	3	98719686	N:2:Del:R:5	TTG	T	1
Neurons	3	99890184	U:1:Ins:C:5	G	GC	1
Neurons	3	101330310	N:5:Ins:R:4	T	TTTTTG	1
Neurons	3	103752387	N:1:Del:T:5	CA	C	-1
Neurons	3	105261871	T:1:Ins:C:1	T	TG	-1
Neurons	3	106769515	N:1:Del:C:0	AC	A	1
Neurons	3	108262886	N:1:Del:C:0	TC	T	1
Neurons	3	108529641	N:1:Del:T:4	GT	G	1
Neurons	3	112194617	Q:2:Del:R:0	AAT	A	0
Neurons	3	116925842	T:1:Ins:T:0	A	AT	1
Neurons	3	116942499	U:2:Del:R:1	AAG	A	-1
Neurons	3	118609317	N:2:Del:R:0	CCA	C	1
Neurons	3	120482719	U:1:Del:T:1	CT	C	1
Neurons	3	123375650	U:3:Del:R:1	AGAG	A	-1
Neurons	3	124441653	Q:4:Del:R:1	AAAAC	A	0
Neurons	3	125973507	N:4:Del:R:1	TTATC	T	1
Neurons	3	127376909	Q:4:Del:R:1	CTTAT	C	0
Neurons	3	130254115	N:5:Del:R:0	ACGTTTAATG	A	1
Neurons	3	131589516	Q:4:Del:R:0	CATTA	C	0
Neurons	3	133033070	Q:3:Del:M:1	AAAT	A	0
Neurons	3	133756643	N:5:Del:R:0	CACTTTTCTCTACA	C	-1
Neurons	3	138776334	U:4:Del:M:3	ATCTC	A	1
Neurons	3	138821147	U:1:Del:C:1	AC	A	1
Neurons	3	140451197	N:1:Del:C:2	TG	T	-1
Neurons	3	144522728	N:1:Del:T:1	GA	G	-1
Neurons	3	144969008	N:1:Del:T:1	CT	C	1
Neurons	3	145256058	N:4:Del:M:2	ACTTT	A	1
Neurons	3	145573740	N:4:Del:R:0	TAAGA	T	-1
Neurons	3	148172662	N:1:Del:C:0	TC	T	1
Neurons	3	153095049	N:1:Del:C:0	AC	A	1
Neurons	3	154683958	N:1:Del:T:0	TA	T	-1
Neurons	3	154689136	N:5:Del:M:3	GGTAAATTAGGCCCTTTA	G	-1
Neurons	3	158509083	T:1:Del:T:0	TA	T	-1
Neurons	3	158998905	U:1:Del:T:5	CT	C	1
Neurons	3	160173729	Q:2:Del:M:1	TAC	T	0
Neurons	3	163123770	N:1:Del:T:2	TA	T	-1
Neurons	3	163715228	N:1:Del:T:0	GT	G	1
Neurons	3	164153720	N:1:Del:C:1	TG	T	-1
Neurons	3	164773280	U:1:Del:T:5	TA	T	-1
Neurons	3	169815626	Q:4:Del:R:1	CAAGT	C	0
Neurons	3	171429738	U:2:Del:R:1	CAG	C	-1
Neurons	3	173044549	N:1:Ins:T:5	C	CA	-1
Neurons	3	173194579	T:1:Del:T:1	GA	G	-1
Neurons	3	173547343	Q:2:Del:R:5	CGT	C	0
Neurons	3	174013365	N:2:Del:M:1	CAG	C	-1
Neurons	3	177542882	N:3:Del:M:2	TAGG	T	-1
Neurons	3	184086790	U:2:Del:R:0	CTT	C	1
Neurons	3	184160876	Q:4:Del:M:2	ATTAT	A	0
Neurons	3	187069938	N:1:Del:T:5	AT	A	1
Neurons	3	190205504	N:2:Del:R:2	GCT	G	1
Neurons	3	191077209	T:1:Del:T:0	GA	G	-1
Neurons	3	195242670	U:1:Del:C:0	TG	T	-1
Neurons	4	30051	N:1:Del:C:0	AC	A	1
Neurons	4	4482862	T:1:Ins:T:1	C	CT	1
Neurons	4	6926031	Q:5:Del:R:0	TCGGTGTCCC	T	0
Neurons	4	13677804	N:2:Ins:R:5	G	GGT	-1
Neurons	4	16518904	T:1:Del:T:2	GT	G	1
Neurons	4	16609693	T:1:Del:T:1	GT	G	1
Neurons	4	16761263	Q:5:Ins:R:1	T	TAAATA	0
Neurons	4	16895381	U:1:Ins:C:2	C	CG	-1
Neurons	4	16896659	Q:5:Del:R:1	CTTTGTGAT	C	0
Neurons	4	17218682	N:1:Del:T:5	TA	T	-1
Neurons	4	17880177	Q:2:Ins:R:1	C	CAT	0
Neurons	4	18378132	N:4:Del:R:3	TTTTG	T	1
Neurons	4	20756842	Q:5:Del:M:2	TAATTTAATTCTTTTAA	T	0
Neurons	4	21035824	Q:2:Ins:R:0	A	AAT	0
Neurons	4	21436905	T:1:Del:T:4	CT	C	1
Neurons	4	24514760	N:2:Ins:R:2	C	CAG	-1
Neurons	4	26978613	Q:5:Del:M:2	GGTTATTTAT	G	0
Neurons	4	28421398	N:5:Del:M:3	CTTATT	C	1
Neurons	4	28686062	N:2:Del:R:0	TTA	T	1
Neurons	4	29488661	N:1:Del:C:1	TG	T	-1
Neurons	4	32961140	N:4:Del:R:1	GAATA	G	-1
Neurons	4	34288087	N:4:Del:M:3	TATTA	T	-1
Neurons	4	34660419	N:1:Del:C:0	TG	T	-1
Neurons	4	35662778	N:1:Del:T:4	GA	G	-1
Neurons	4	38998535	Q:4:Del:R:2	GGATA	G	0
Neurons	4	39795602	N:2:Del:M:1	CTG	C	1
Neurons	4	41657291	T:2:Del:M:1	AAG	A	-1
Neurons	4	48160929	Q:5:Ins:R:1	T	TTCCCTTCTTTGGGA	0
Neurons	4	48919267	N:1:Del:T:2	GT	G	1
Neurons	4	60098859	N:1:Del:T:5	AT	A	1
Neurons	4	61826120	N:1:Ins:T:5	G	GA	-1
Neurons	4	64072769	N:2:Del:M:1	CAT	C	-1
Neurons	4	64542406	N:1:Del:C:0	AG	A	-1
Neurons	4	65808341	N:1:Ins:T:5	C	CA	-1
Neurons	4	66236744	Q:2:Del:M:1	AAC	A	0
Neurons	4	69574846	N:1:Ins:T:5	G	GA	-1
Neurons	4	73008522	Q:3:Del:R:1	ATGT	A	0
Neurons	4	73446661	N:4:Del:M:2	CTAGA	C	1
Neurons	4	77978574	Q:4:Del:M:3	TAGTA	T	0
Neurons	4	78249879	N:1:Del:C:1	TC	T	1
Neurons	4	79848365	U:1:Ins:T:1	C	CA	-1
Neurons	4	81539453	Q:3:Del:R:1	AGTT	A	0
Neurons	4	83330090	N:4:Del:R:0	TAATA	T	-1
Neurons	4	83806219	T:3:Del:R:0	CTTT	C	1
Neurons	4	86917472	U:1:Del:C:1	GC	G	1
Neurons	4	87162912	Q:5:Del:R:0	CATTGGGTTAGAATATG	C	0
Neurons	4	88960634	T:1:Del:C:1	TG	T	-1
Neurons	4	90094623	N:4:Del:M:1	TAAAC	T	-1
Neurons	4	96771197	N:1:Del:T:1	CA	C	-1
Neurons	4	99226764	U:1:Del:T:1	AT	A	1
Neurons	4	102103307	T:1:Del:T:3	AT	A	1
Neurons	4	102450730	Q:5:Del:R:0	CTCACACCTGTA	C	0
Neurons	4	102637548	Q:4:Del:M:2	TCAAA	T	0
Neurons	4	105152666	N:3:Del:M:2	CATT	C	-1
Neurons	4	105792410	N:2:Del:M:1	GTA	G	1
Neurons	4	106172783	Q:4:Del:M:2	CTGTT	C	0
Neurons	4	113036493	N:4:Del:R:2	TTTTC	T	1
Neurons	4	113785067	Q:5:Del:M:2	TGTGAACTAAAGAAG	T	0
Neurons	4	113793869	T:1:Ins:T:1	T	TA	-1
Neurons	4	116013781	T:1:Del:C:0	TC	T	1
Neurons	4	116231921	N:4:Del:M:3	CATAG	C	-1
Neurons	4	117485228	N:4:Del:M:2	CCAAA	C	1
Neurons	4	118298199	N:1:Del:T:1	AT	A	1
Neurons	4	118638196	N:2:Del:R:1	GTC	G	1
Neurons	4	121590195	N:1:Ins:T:3	T	TA	-1
Neurons	4	121768521	T:5:Del:M:1	CCCTCT	C	1
Neurons	4	122814955	T:1:Del:T:1	CT	C	1
Neurons	4	123838420	Q:2:Del:R:1	AAT	A	0
Neurons	4	125179934	N:2:Del:R:1	CAT	C	-1
Neurons	4	126308101	U:1:Del:C:1	TC	T	1
Neurons	4	127224472	N:1:Del:C:0	TC	T	1
Neurons	4	128382081	N:3:Del:M:2	ATAG	A	1
Neurons	4	128568176	T:1:Ins:C:0	A	AG	-1
Neurons	4	130318667	N:4:Del:R:2	AAGAG	A	-1
Neurons	4	130925755	N:5:Del:R:0	CACCTCTACAAAAAAATAG	C	-1
Neurons	4	131244521	N:3:Del:M:2	TTTC	T	1
Neurons	4	135405231	N:3:Del:R:1	GTGT	G	1
Neurons	4	141941590	T:2:Del:R:0	CTT	C	1
Neurons	4	142807901	N:1:Del:T:3	CA	C	-1
Neurons	4	144108118	U:3:Del:R:1	CTCT	C	1
Neurons	4	144623003	N:4:Del:R:1	TATAA	T	-1
Neurons	4	145253285	N:2:Del:R:5	GAT	G	-1
Neurons	4	146049429	Q:4:Del:M:3	TTCAG	T	0
Neurons	4	151644987	U:1:Del:T:2	TA	T	-1
Neurons	4	151934911	Q:4:Del:R:1	GACTA	G	0
Neurons	4	152045099	Q:5:Del:M:1	TTACTC	T	0
Neurons	4	154290120	Q:5:Del:M:5	ATGGCTTAGTTGGGTACATC	A	0
Neurons	4	155197505	U:2:Del:R:1	TAG	T	-1
Neurons	4	155455232	N:3:Del:R:1	TTTA	T	1
Neurons	4	155915422	N:2:Del:M:1	CTT	C	1
Neurons	4	157694088	U:1:Ins:T:2	C	CA	-1
Neurons	4	158160435	Q:4:Del:M:2	TTTAA	T	0
Neurons	4	158783466	N:1:Ins:T:5	G	GT	1
Neurons	4	161810399	N:4:Del:M:2	GCAAA	G	1
Neurons	4	163102385	N:2:Del:R:0	CTG	C	1
Neurons	4	172342929	N:1:Del:T:2	TA	T	-1
Neurons	4	172751869	U:2:Del:R:0	ATT	A	1
Neurons	4	174303932	N:5:Del:R:1	GTTGAT	G	1
Neurons	4	175099668	N:1:Del:C:1	AG	A	-1
Neurons	4	176572188	U:1:Ins:T:3	G	GA	-1
Neurons	4	176658725	U:1:Ins:T:2	T	TA	-1
Neurons	4	176708057	Q:5:Del:M:1	CTAAACTTTATTCT	C	0
Neurons	4	189411010	N:4:Del:R:1	ATTTG	A	1
Neurons	5	3170315	N:1:Del:T:1	TA	T	-1
Neurons	5	5002825	N:5:Del:M:2	GAAATAAACTT	G	-1
Neurons	5	7516562	Q:3:Del:R:0	CACT	C	0
Neurons	5	7846228	Q:4:Del:R:1	GTCAT	G	0
Neurons	5	8855169	N:5:Del:M:4	TAATAATAATATAAC	T	-1
Neurons	5	8973238	N:5:Del:R:1	CCTATAT	C	1
Neurons	5	10091010	N:1:Ins:T:1	G	GT	1
Neurons	5	10202281	N:1:Ins:T:0	T	TA	-1
Neurons	5	10617555	T:2:Ins:R:0	T	TAA	-1
Neurons	5	11483975	T:1:Del:T:0	AT	A	1
Neurons	5	11510536	U:1:Del:T:2	TA	T	-1
Neurons	5	11990841	N:5:Del:M:4	AAAGTT	A	-1
Neurons	5	13543822	N:1:Del:T:1	CA	C	-1
Neurons	5	14286547	Q:5:Del:R:0	GTCTCAGACT	G	0
Neurons	5	14715900	T:1:Del:C:0	TC	T	1
Neurons	5	18282205	N:1:Del:C:2	TC	T	1
Neurons	5	19498631	T:1:Ins:T:1	A	AT	1
Neurons	5	19976049	U:1:Ins:C:2	T	TG	-1
Neurons	5	24527258	Q:5:Del:M:5	TTATGTTTTGTGTATA	T	0
Neurons	5	24528172	Q:2:Del:M:1	CAT	C	0
Neurons	5	24594772	Q:5:Del:R:0	TACTTGTTCTCTGTGCCTA	T	0
Neurons	5	24609922	T:2:Ins:R:2	A	ACT	1
Neurons	5	24638434	Q:3:Del:M:2	AAGT	A	0
Neurons	5	26933520	T:1:Ins:T:1	A	AT	1
Neurons	5	28037863	N:1:Ins:T:4	C	CT	1
Neurons	5	28056819	N:1:Del:T:4	CT	C	1
Neurons	5	29470080	N:1:Del:T:5	AT	A	1
Neurons	5	29493969	N:4:Del:R:4	CTTTA	C	1
Neurons	5	30127369	N:4:Del:M:3	GATTA	G	-1
Neurons	5	33024486	N:1:Del:T:2	CA	C	-1
Neurons	5	37028743	U:1:Ins:T:1	G	GT	1
Neurons	5	37053927	T:1:Del:C:0	CG	C	-1
Neurons	5	38043770	N:1:Del:T:3	GA	G	-1
Neurons	5	38103802	N:5:Ins:R:1	C	CCAAATTTTG	1
Neurons	5	45943358	N:1:Del:T:0	CA	C	-1
Neurons	5	52375151	Q:3:Del:R:1	AATT	A	0
Neurons	5	53007133	N:3:Del:R:0	TAGG	T	-1
Neurons	5	57093543	N:3:Del:R:1	TAAC	T	-1
Neurons	5	58550965	T:1:Del:C:1	GC	G	1
Neurons	5	60823087	U:1:Del:T:0	AT	A	1
Neurons	5	63525438	Q:2:Del:M:1	ATG	A	0
Neurons	5	63870470	U:1:Del:C:0	TC	T	1
Neurons	5	66129844	Q:4:Ins:R:1	G	GTGCC	0
Neurons	5	66981834	N:4:Del:R:2	CACAA	C	-1
Neurons	5	68595873	Q:3:Del:R:0	TCAC	T	0
Neurons	5	73832746	N:3:Del:M:2	TAAA	T	-1
Neurons	5	73928568	U:1:Del:C:1	TG	T	-1
Neurons	5	74065036	T:1:Del:T:0	TA	T	-1
Neurons	5	75944577	U:1:Ins:T:1	G	GT	1
Neurons	5	76536481	Q:5:Del:M:1	GTGTTATACCCACAC	G	0
Neurons	5	78774376	T:1:Del:T:0	AT	A	1
Neurons	5	79671085	N:5:Del:M:3	CCAGCTACT	C	1
Neurons	5	80447726	Q:5:Del:M:1	TTATAATGC	T	0
Neurons	5	81275886	U:4:Del:M:3	ATCTC	A	1
Neurons	5	83294647	T:1:Del:T:0	CT	C	1
Neurons	5	84278634	N:2:Ins:R:1	G	GAT	-1
Neurons	5	84927130	N:5:Del:M:1	AAGTTCATG	A	-1
Neurons	5	85543964	N:1:Del:C:0	TG	T	-1
Neurons	5	87177286	N:5:Del:R:0	GAAAACTTCC	G	-1
Neurons	5	87929500	N:1:Del:C:2	GC	G	1
Neurons	5	88048753	Q:2:Del:R:1	CAT	C	0
Neurons	5	89379251	N:1:Del:T:3	TA	T	-1
Neurons	5	90128520	Q:3:Del:R:1	TGTA	T	0
Neurons	5	92637763	N:1:Ins:T:1	A	AT	1
Neurons	5	92982838	T:1:Del:T:5	AT	A	1
Neurons	5	96788295	N:4:Del:M:1	ACTAT	A	1
Neurons	5	96940788	N:1:Del:T:3	GA	G	-1
Neurons	5	101641833	N:4:Del:M:2	TAAAC	T	-1
Neurons	5	102275026	U:1:Ins:T:3	C	CT	1
Neurons	5	104767374	N:1:Del:C:2	AG	A	-1
Neurons	5	105886504	N:1:Ins:T:3	C	CA	-1
Neurons	5	106650984	N:1:Del:T:0	TA	T	-1
Neurons	5	106728352	U:1:Del:C:4	TG	T	-1
Neurons	5	106876150	T:1:Ins:T:1	C	CT	1
Neurons	5	108632143	N:3:Del:R:1	AAAT	A	-1
Neurons	5	109359142	N:1:Del:C:1	GC	G	1
Neurons	5	113037125	N:2:Del:M:1	CTT	C	1
Neurons	5	114070001	N:4:Del:M:3	TATAA	T	-1
Neurons	5	115632673	N:4:Del:R:1	TCTAA	T	1
Neurons	5	118397551	N:4:Del:R:1	AATAT	A	-1
Neurons	5	119883513	Q:5:Del:R:0	CTTCAGAAATTGATT	C	0
Neurons	5	122232948	U:1:Ins:T:5	A	AT	1
Neurons	5	122647371	N:1:Ins:C:1	T	TC	1
Neurons	5	123559844	N:1:Del:T:4	CA	C	-1
Neurons	5	124258821	N:4:Del:R:0	CTCAG	C	1
Neurons	5	128581384	N:1:Ins:T:1	G	GT	1
Neurons	5	130258356	N:4:Del:R:1	AATAC	A	-1
Neurons	5	130282389	N:4:Del:R:1	AATAT	A	-1
Neurons	5	131032467	T:2:Del:R:2	TTC	T	1
Neurons	5	135245870	N:3:Del:M:2	CCTT	C	1
Neurons	5	136302568	N:3:Del:M:1	TATA	T	-1
Neurons	5	136550511	T:1:Ins:T:1	A	AT	1
Neurons	5	139852912	Q:4:Ins:R:1	C	CTAAG	0
Neurons	5	140012564	T:1:Del:C:1	TC	T	1
Neurons	5	140583223	N:4:Del:R:1	CACTT	C	-1
Neurons	5	143643722	Q:5:Del:M:4	ATTAAT	A	0
Neurons	5	145492659	Q:5:Del:R:0	CTCTTGTTGCCTA	C	0
Neurons	5	149136043	Q:3:Del:R:1	AAAC	A	0
Neurons	5	152231174	N:1:Del:C:0	GC	G	1
Neurons	5	152847028	N:2:Del:R:2	ACT	A	1
Neurons	5	154795635	N:2:Del:R:0	CAT	C	-1
Neurons	5	156182768	Q:5:Del:M:2	TATTTAC	T	0
Neurons	5	156394949	N:5:Del:M:1	CACGCTGTGAGTA	C	-1
Neurons	5	156563492	U:1:Ins:T:1	T	TA	-1
Neurons	5	156768395	T:1:Del:T:5	CA	C	-1
Neurons	5	157369051	N:5:Ins:R:1	T	TGCCTCA	-1
Neurons	5	160091700	T:1:Ins:C:2	T	TC	1
Neurons	5	160883052	Q:4:Del:R:1	CTTTG	C	0
Neurons	5	162331452	N:5:Del:R:0	TGCTCAAAATAGGA	T	-1
Neurons	5	164935009	N:1:Del:C:0	AG	A	-1
Neurons	5	167184761	U:1:Ins:T:3	G	GT	1
Neurons	5	168136939	T:1:Ins:T:0	G	GT	1
Neurons	5	168195735	T:1:Del:C:2	TC	T	1
Neurons	5	170093633	U:1:Ins:T:4	A	AT	1
Neurons	5	170117309	Q:4:Del:M:3	TTCTG	T	0
Neurons	5	171159002	N:4:Del:M:3	TAAAC	T	-1
Neurons	5	175111914	T:2:Del:M:1	GAA	G	-1
Neurons	5	175125782	N:4:Del:R:0	GGGTT	G	-1
Neurons	6	346674	U:1:Ins:C:4	T	TC	1
Neurons	6	4495237	N:1:Del:C:1	AG	A	-1
Neurons	6	5080030	N:1:Del:T:1	TA	T	-1
Neurons	6	5705154	Q:4:Ins:R:1	G	GTGGT	0
Neurons	6	5853397	N:3:Del:M:2	GGAT	G	-1
Neurons	6	6526705	N:1:Del:C:1	TG	T	-1
Neurons	6	8958670	N:1:Ins:T:1	T	TA	-1
Neurons	6	10761923	U:3:Del:R:5	GTTT	G	1
Neurons	6	12781771	Q:4:Del:M:1	TGTTA	T	0
Neurons	6	12805825	U:4:Del:R:4	CTCTT	C	1
Neurons	6	14559166	N:5:Del:R:0	GCCACTTTAA	G	1
Neurons	6	15381942	U:1:Ins:T:1	G	GT	1
Neurons	6	15863640	N:3:Del:R:1	TATA	T	-1
Neurons	6	19237210	N:1:Del:C:0	AC	A	1
Neurons	6	22636146	N:5:Del:M:1	TAATTAC	T	-1
Neurons	6	23516295	N:5:Del:R:1	CATAAA	C	-1
Neurons	6	24131532	Q:3:Ins:R:1	T	TATC	0
Neurons	6	24747149	N:1:Del:C:1	GC	G	1
Neurons	6	25265620	N:1:Del:T:5	GA	G	-1
Neurons	6	28208322	N:4:Del:R:1	TTGAA	T	1
Neurons	6	29058987	N:1:Del:T:0	GA	G	-1
Neurons	6	29310679	N:1:Del:T:1	CT	C	1
Neurons	6	29563793	U:2:Del:R:0	TAA	T	-1
Neurons	6	29564025	Q:5:Del:R:0	CTGAAGG	C	0
Neurons	6	32577157	N:4:Ins:R:0	G	GCTCT	1
Neurons	6	33984346	N:5:Ins:R:1	G	GTTCATAAAGGCA	1
Neurons	6	34236140	N:1:Del:T:5	CA	C	-1
Neurons	6	34546247	N:5:Del:R:1	AAAAAG	A	-1
Neurons	6	34565449	U:1:Del:C:1	TG	T	-1
Neurons	6	34997499	Q:5:Del:M:5	GTATATATACATTATA	G	0
Neurons	6	36208298	N:2:Del:R:0	CAT	C	-1
Neurons	6	36452129	U:1:Ins:T:1	C	CT	1
Neurons	6	36727058	Q:5:Ins:R:1	T	TTTCATGCTCC	0
Neurons	6	37201556	Q:4:Del:R:4	TACTA	T	0
Neurons	6	37811988	U:1:Ins:T:1	C	CT	1
Neurons	6	38316216	U:1:Del:C:0	TG	T	-1
Neurons	6	39919731	N:1:Del:T:0	AT	A	1
Neurons	6	40389814	U:1:Ins:T:5	T	TA	-1
Neurons	6	46118534	N:3:Del:M:2	TCTC	T	1
Neurons	6	48351881	N:1:Del:C:0	AG	A	-1
Neurons	6	48785915	N:4:Del:R:2	TAGAC	T	-1
Neurons	6	62421227	Q:5:Del:M:2	AAATGATAAATAT	A	0
Neurons	6	62690937	U:1:Ins:T:4	C	CA	-1
Neurons	6	63500772	N:1:Del:T:2	GA	G	-1
Neurons	6	63643800	N:4:Del:M:2	CACTT	C	-1
Neurons	6	63964736	N:2:Del:R:0	CTG	C	1
Neurons	6	66365509	T:1:Del:C:0	AC	A	1
Neurons	6	67337060	N:4:Del:R:1	ACTAT	A	1
Neurons	6	68835564	N:1:Del:T:0	CT	C	1
Neurons	6	70455962	Q:3:Del:R:1	GTCA	G	0
Neurons	6	74005959	Q:3:Del:R:0	TTTG	T	0
Neurons	6	74198642	Q:3:Del:R:5	AAAC	A	0
Neurons	6	74680794	N:1:Del:T:5	TA	T	-1
Neurons	6	75580482	N:1:Del:C:1	AG	A	-1
Neurons	6	75957196	T:1:Ins:T:3	C	CT	1
Neurons	6	76065291	T:1:Ins:T:1	G	GT	1
Neurons	6	77287315	N:1:Del:T:3	TA	T	-1
Neurons	6	80405522	Q:3:Ins:R:0	C	CTAA	0
Neurons	6	80838560	U:1:Ins:T:1	G	GT	1
Neurons	6	82330749	Q:4:Del:M:3	TCTAA	T	0
Neurons	6	83471302	N:1:Del:T:5	CA	C	-1
Neurons	6	85367032	N:1:Del:T:2	AT	A	1
Neurons	6	85942204	N:1:Ins:T:1	C	CA	-1
Neurons	6	88742726	N:1:Del:T:2	CT	C	1
Neurons	6	91731427	N:4:Del:M:3	GTTTA	G	1
Neurons	6	93111740	N:1:Ins:T:5	A	AT	1
Neurons	6	93603041	N:5:Del:M:5	CTTTATT	C	1
Neurons	6	93872485	N:1:Del:T:0	AT	A	1
Neurons	6	105314269	N:5:Del:M:4	CAGTAG	C	-1
Neurons	6	106756404	Q:3:Del:R:1	GTTA	G	0
Neurons	6	107535883	U:1:Del:T:5	GA	G	-1
Neurons	6	107982577	N:5:Del:R:0	CCTTCCCTA	C	1
Neurons	6	110485393	Q:3:Del:R:1	AAAT	A	0
Neurons	6	111845310	N:2:Del:R:1	CTT	C	1
Neurons	6	112955418	N:3:Del:R:4	TATA	T	-1
Neurons	6	118590246	T:1:Del:T:1	GA	G	-1
Neurons	6	123259647	N:1:Ins:T:5	C	CT	1
Neurons	6	125382998	Q:4:Del:M:3	CTTTA	C	0
Neurons	6	130648962	T:1:Ins:T:0	A	AT	1
Neurons	6	136489749	T:1:Del:C:1	AG	A	-1
Neurons	6	136533937	N:1:Del:T:0	CA	C	-1
Neurons	6	138001822	N:1:Ins:T:1	G	GT	1
Neurons	6	139307245	T:1:Del:T:3	GT	G	1
Neurons	6	140656710	N:2:Del:M:1	TGG	T	-1
Neurons	6	143186090	T:1:Ins:T:1	A	AT	1
Neurons	6	144774771	U:1:Del:C:0	GC	G	1
Neurons	6	145589029	N:1:Ins:T:5	A	AT	1
Neurons	6	147705956	U:2:Del:M:1	CTT	C	1
Neurons	6	149707211	Q:5:Del:M:2	ATACGTGTGTG	A	0
Neurons	6	151831645	Q:4:Del:R:0	AATTT	A	0
Neurons	6	152999595	N:1:Del:T:3	AT	A	1
Neurons	6	153080281	T:1:Del:T:5	CA	C	-1
Neurons	6	154332613	Q:4:Del:M:1	CATAA	C	0
Neurons	6	154670517	T:1:Del:T:3	AT	A	1
Neurons	6	162368955	Q:5:Del:M:1	CTGAGAA	C	0
Neurons	6	162511606	T:4:Del:R:1	TTTTC	T	1
Neurons	6	163215569	U:1:Ins:T:5	A	AT	1
Neurons	6	165615895	N:1:Del:C:0	TG	T	-1
Neurons	6	166377832	N:1:Del:C:1	AG	A	-1
Neurons	7	8657417	T:2:Del:M:1	TAA	T	-1
Neurons	7	9916253	N:1:Del:C:1	AC	A	1
Neurons	7	10620848	N:2:Del:M:1	CAT	C	-1
Neurons	7	10845502	N:4:Del:R:4	AATTT	A	-1
Neurons	7	11029424	U:2:Ins:R:2	A	ATT	1
Neurons	7	13450921	N:1:Ins:C:5	T	TG	-1
Neurons	7	13549261	N:4:Del:R:1	ATTGT	A	1
Neurons	7	14591523	T:1:Del:T:5	AT	A	1
Neurons	7	15659297	T:1:Del:C:0	AC	A	1
Neurons	7	16132754	Q:4:Del:M:2	CATCT	C	0
Neurons	7	16536384	Q:4:Del:M:3	TACTC	T	0
Neurons	7	20656887	U:1:Del:T:0	AT	A	1
Neurons	7	22390651	U:1:Del:T:1	GA	G	-1
Neurons	7	24645270	U:1:Del:C:0	AC	A	1
Neurons	7	28480773	U:5:Del:M:4	GCTTTCCCCCTCC	G	1
Neurons	7	29224565	B:1:Ins:T:3	C	CT	1
Neurons	7	31539312	N:5:Del:R:1	GTCACT	G	1
Neurons	7	33407653	T:2:Del:R:1	TAG	T	-1
Neurons	7	34565575	N:1:Ins:C:2	A	AG	-1
Neurons	7	37257970	U:1:Del:C:0	TG	T	-1
Neurons	7	39076217	Q:4:Del:R:1	AGTTT	A	0
Neurons	7	39513428	N:4:Del:R:1	ATACT	A	1
Neurons	7	40780002	Q:4:Del:R:1	TTTTA	T	0
Neurons	7	42043694	U:3:Del:R:1	TAGG	T	-1
Neurons	7	44806203	Q:4:Ins:R:1	G	GGCGT	0
Neurons	7	45651271	Q:5:Del:R:1	ATTTAT	A	0
Neurons	7	46607182	N:2:Del:R:0	GAC	G	-1
Neurons	7	48181652	N:1:Del:T:4	CA	C	-1
Neurons	7	53609812	N:5:Del:M:2	TGTTTAG	T	-1
Neurons	7	54460393	N:4:Del:M:3	TAAAC	T	-1
Neurons	7	55600906	T:1:Ins:T:1	C	CT	1
Neurons	7	62460708	N:1:Del:C:1	TC	T	1
Neurons	7	66414643	Q:5:Del:M:3	GTTACT	G	0
Neurons	7	66574678	U:1:Del:C:1	AC	A	1
Neurons	7	77839461	Q:5:Del:M:3	ATTAGT	A	0
Neurons	7	80011658	Q:2:Del:R:3	AAT	A	0
Neurons	7	80213752	Q:5:Del:R:1	CTTATA	C	0
Neurons	7	82148302	N:1:Del:T:0	AT	A	1
Neurons	7	83615175	Q:3:Del:M:2	TGTG	T	0
Neurons	7	83737066	T:2:Del:R:0	ATT	A	1
Neurons	7	85392958	N:2:Ins:R:4	G	GTA	1
Neurons	7	86228489	N:1:Ins:T:1	C	CA	-1
Neurons	7	86252425	N:1:Del:T:0	AT	A	1
Neurons	7	87290444	B:1:Ins:T:4	A	AT	1
Neurons	7	89336389	N:3:Del:M:1	ATGG	A	1
Neurons	7	95418837	Q:4:Del:M:1	CAAAT	C	0
Neurons	7	97807688	U:1:Del:C:1	TC	T	1
Neurons	7	99689139	Q:5:Del:M:3	ATGATG	A	0
Neurons	7	101155968	N:2:Ins:R:2	A	AAT	-1
Neurons	7	103200450	Q:2:Ins:R:1	T	TTA	0
Neurons	7	104223109	U:1:Del:T:3	AT	A	1
Neurons	7	104749236	Q:5:Del:M:3	CATTTGGTA	C	0
Neurons	7	107764864	Q:2:Del:R:1	GTA	G	0
Neurons	7	109319556	N:3:Del:R:1	TTTA	T	1
Neurons	7	109709052	N:4:Ins:R:0	A	ATTTT	1
Neurons	7	110266639	N:4:Del:M:2	GCAAA	G	1
Neurons	7	112707323	N:3:Del:R:1	ACAT	A	1
Neurons	7	115815668	N:1:Del:T:3	GT	G	1
Neurons	7	116806406	Q:5:Del:R:1	GAACTT	G	0
Neurons	7	119515193	N:2:Ins:R:0	T	TAG	-1
Neurons	7	120017228	Q:4:Del:M:2	AAAGT	A	0
Neurons	7	120581344	N:4:Del:M:3	CATTG	C	-1
Neurons	7	123669258	N:4:Del:M:3	ATATC	A	1
Neurons	7	124403497	T:4:Del:R:4	TTTTC	T	1
Neurons	7	125883522	N:1:Del:T:2	CA	C	-1
Neurons	7	128629524	Q:4:Del:M:3	TTTAG	T	0
Neurons	7	130331036	Q:5:Del:M:4	CTTTAAT	C	0
Neurons	7	133487535	T:1:Del:T:0	GA	G	-1
Neurons	7	134903863	N:1:Del:T:1	AT	A	1
Neurons	7	134996809	N:1:Del:T:4	CA	C	-1
Neurons	7	135503532	N:1:Del:C:1	AG	A	-1
Neurons	7	135561903	N:1:Ins:C:5	A	AC	1
Neurons	7	138040565	N:2:Del:R:4	ATG	A	1
Neurons	7	139998850	N:4:Del:R:2	CTTTG	C	1
Neurons	7	140286198	Q:5:Ins:R:0	C	CACACAT	0
Neurons	7	141739683	Q:2:Del:R:0	CAT	C	0
Neurons	7	141816640	Q:5:Del:M:3	ATTTGT	A	0
Neurons	7	144373785	U:1:Del:C:0	TG	T	-1
Neurons	7	146596584	Q:4:Del:R:1	CTGCA	C	0
Neurons	7	149350982	N:1:Ins:T:0	T	TA	-1
Neurons	7	154045293	Q:5:Del:M:4	ATATACT	A	0
Neurons	7	154201831	T:1:Ins:T:0	G	GA	-1
Neurons	7	156537804	U:1:Ins:C:2	T	TG	-1
Neurons	7	156947931	Q:5:Ins:R:1	C	CTTTTAACAT	0
Neurons	8	482841	Q:5:Del:R:0	GATCGTTCATTTACAAGTT	G	0
Neurons	8	1202907	N:3:Ins:R:0	A	ATCC	1
Neurons	8	5272734	N:3:Ins:R:1	T	TCAC	1
Neurons	8	9640596	N:4:Del:M:3	ATTAG	A	1
Neurons	8	10965580	Q:2:Del:R:0	GTA	G	0
Neurons	8	12644572	N:1:Ins:T:5	G	GA	-1
Neurons	8	17215334	Q:5:Ins:R:1	G	GGATCCCTGGCATTC	0
Neurons	8	17782926	T:1:Ins:T:4	T	TA	-1
Neurons	8	18224932	N:1:Ins:T:5	G	GA	-1
Neurons	8	18883898	T:1:Ins:T:1	G	GT	1
Neurons	8	20150039	U:1:Del:C:1	AG	A	-1
Neurons	8	21694042	N:1:Ins:T:2	G	GA	-1
Neurons	8	26521863	N:1:Ins:C:2	G	GC	1
Neurons	8	28968547	U:2:Del:R:1	TAA	T	-1
Neurons	8	29814986	N:1:Ins:T:1	C	CT	1
Neurons	8	31583151	Q:4:Del:M:2	AAAGC	A	0
Neurons	8	33516833	N:5:Ins:R:1	C	CCCATTCTGATCCA	1
Neurons	8	34808685	N:5:Del:M:3	GCATGGGAGC	G	1
Neurons	8	34809379	N:1:Del:T:1	AT	A	1
Neurons	8	41271042	N:1:Del:C:1	TC	T	1
Neurons	8	52509504	T:1:Del:T:2	AT	A	1
Neurons	8	53052699	Q:5:Del:M:2	GGTGACATGGAATGTA	G	0
Neurons	8	53360437	N:4:Del:R:1	AATCT	A	-1
Neurons	8	55139909	N:1:Del:C:3	AG	A	-1
Neurons	8	56739684	N:5:Del:M:5	GGAGGCT	G	-1
Neurons	8	57295218	N:4:Del:M:3	CATTT	C	-1
Neurons	8	57878525	U:5:Del:M:2	CAAGAAAGAGA	C	-1
Neurons	8	62280373	U:1:Del:T:3	AT	A	1
Neurons	8	63408025	T:1:Del:T:1	CA	C	-1
Neurons	8	63729810	Q:5:Del:M:1	CAGTTT	C	0
Neurons	8	63755475	T:1:Del:C:0	AG	A	-1
Neurons	8	63913232	N:1:Del:C:0	GC	G	1
Neurons	8	68121855	T:3:Del:R:1	TCTC	T	1
Neurons	8	69460577	T:4:Ins:R:1	T	TAAAA	-1
Neurons	8	69540325	Q:3:Del:M:1	CTTA	C	0
Neurons	8	73168569	N:1:Del:T:4	AT	A	1
Neurons	8	73692877	Q:2:Ins:R:0	T	TCG	0
Neurons	8	83361777	N:5:Del:M:5	TTTTCTCTTG	T	1
Neurons	8	85216128	U:1:Ins:T:3	C	CT	1
Neurons	8	88611792	Q:4:Del:R:1	ATTTG	A	0
Neurons	8	92039151	Q:3:Del:R:1	AATT	A	0
Neurons	8	92430949	N:1:Del:C:0	TG	T	-1
Neurons	8	93961627	Q:4:Del:M:2	TTAAA	T	0
Neurons	8	93992488	Q:4:Del:M:2	TTATC	T	0
Neurons	8	98236683	N:1:Del:T:0	TA	T	-1
Neurons	8	99288294	U:1:Ins:T:1	T	TA	-1
Neurons	8	100821992	Q:5:Del:M:2	ATTTTAGTTTCACCTC	A	0
Neurons	8	102670856	U:1:Ins:C:3	T	TC	1
Neurons	8	103836496	N:2:Del:M:1	TAC	T	-1
Neurons	8	104360333	N:1:Del:C:1	TG	T	-1
Neurons	8	104919264	Q:4:Ins:R:0	G	GTTAT	0
Neurons	8	105044842	U:2:Del:R:1	CTT	C	1
Neurons	8	105423490	U:1:Del:C:0	AG	A	-1
Neurons	8	106794491	Q:5:Del:M:1	AACTGGATGATG	A	0
Neurons	8	107666336	Q:5:Del:M:3	TATAGCA	T	0
Neurons	8	109208283	N:2:Del:M:1	TAC	T	-1
Neurons	8	109646452	N:1:Del:T:5	TA	T	-1
Neurons	8	110659750	Q:4:Del:R:1	CTTGT	C	0
Neurons	8	110986873	U:2:Del:R:0	TAA	T	-1
Neurons	8	111237862	N:2:Del:R:1	ATT	A	1
Neurons	8	112681904	N:1:Del:T:5	TA	T	-1
Neurons	8	114439227	T:1:Ins:T:1	A	AT	1
Neurons	8	115945700	N:1:Ins:T:1	C	CT	1
Neurons	8	119425436	U:1:Del:T:0	CA	C	-1
Neurons	8	121138027	Q:2:Del:R:1	TTG	T	0
Neurons	8	122782487	N:5:Del:R:1	CTATTA	C	1
Neurons	8	128274050	N:1:Del:C:0	GC	G	1
Neurons	8	130786706	U:1:Del:C:4	AG	A	-1
Neurons	8	130880772	Q:4:Del:R:2	CACTT	C	0
Neurons	8	134260359	Q:4:Del:M:2	TATGA	T	0
Neurons	8	136526726	U:2:Del:R:0	ATT	A	1
Neurons	8	136565890	T:1:Del:C:0	AG	A	-1
Neurons	8	136586905	Q:4:Del:R:1	CACTA	C	0
Neurons	8	136655363	Q:4:Del:R:0	ACTAT	A	0
Neurons	8	137395979	N:1:Del:T:4	GA	G	-1
Neurons	8	140077157	N:1:Del:C:0	GC	G	1
Neurons	8	141947981	T:1:Ins:T:3	G	GT	1
Neurons	9	868427	U:3:Del:R:1	ATTC	A	1
Neurons	9	3436439	U:1:Del:C:1	AG	A	-1
Neurons	9	6174805	N:3:Del:R:1	TAAG	T	-1
Neurons	9	9438438	T:2:Del:M:1	TTC	T	1
Neurons	9	9739313	T:2:Del:R:1	ATT	A	1
Neurons	9	12262350	N:3:Del:R:1	CAAT	C	-1
Neurons	9	19746860	T:1:Del:T:1	CT	C	1
Neurons	9	20371600	T:1:Ins:T:3	G	GT	1
Neurons	9	23186496	N:2:Del:M:1	TTA	T	1
Neurons	9	23547312	N:4:Ins:R:0	G	GAAAA	-1
Neurons	9	23646705	N:1:Del:T:3	CA	C	-1
Neurons	9	24761977	N:4:Del:R:1	GTCTA	G	1
Neurons	9	25770876	N:4:Del:R:1	CCAAA	C	1
Neurons	9	32063131	N:1:Del:T:5	CA	C	-1
Neurons	9	32612588	N:1:Del:T:5	TA	T	-1
Neurons	9	36005466	N:1:Del:C:1	TG	T	-1
Neurons	9	36208444	Q:2:Del:M:1	CCG	C	0
Neurons	9	36472047	N:3:Del:M:2	TTTG	T	1
Neurons	9	72239010	U:3:Del:M:2	TAAA	T	-1
Neurons	9	72670550	U:2:Ins:R:2	G	GTC	1
Neurons	9	74164136	N:1:Del:T:0	TA	T	-1
Neurons	9	74977983	Q:5:Ins:R:0	T	TGAAAAC	0
Neurons	9	76341367	N:4:Del:M:2	TACTC	T	-1
Neurons	9	77801589	N:1:Ins:T:5	C	CA	-1
Neurons	9	82535799	N:1:Del:T:2	GT	G	1
Neurons	9	84719314	N:1:Del:C:1	TG	T	-1
Neurons	9	85341677	N:1:Del:T:5	GT	G	1
Neurons	9	87629484	Q:3:Del:R:1	AAAC	A	0
Neurons	9	92322250	N:1:Del:T:5	GT	G	1
Neurons	9	93620634	Q:5:Ins:R:0	G	GCTCAAA	0
Neurons	9	94334867	U:1:Ins:C:5	T	TG	-1
Neurons	9	94377220	Q:4:Del:R:0	ACCAT	A	0
Neurons	9	94852996	U:1:Del:T:2	TA	T	-1
Neurons	9	97223089	Q:2:Del:R:2	AAT	A	0
Neurons	9	98690502	U:1:Del:C:1	GC	G	1
Neurons	9	99060158	Q:4:Del:R:2	AATCT	A	0
Neurons	9	99123190	T:1:Del:T:5	AT	A	1
Neurons	9	101281295	U:1:Ins:T:1	C	CA	-1
Neurons	9	101281435	T:2:Ins:R:0	T	TCC	1
Neurons	9	102553166	N:3:Del:R:0	ACAT	A	1
Neurons	9	107505079	N:4:Del:R:0	AAAAC	A	-1
Neurons	9	110484394	N:1:Ins:C:2	T	TG	-1
Neurons	9	113563641	U:1:Ins:T:5	A	AT	1
Neurons	9	114468618	Q:4:Del:M:2	TTAGA	T	0
Neurons	9	115134993	N:4:Del:R:1	GTTCA	G	1
Neurons	9	117217286	U:1:Del:T:1	TA	T	-1
Neurons	9	118124863	T:3:Del:M:1	AAGG	A	-1
Neurons	9	118617775	N:2:Del:R:0	CAT	C	-1
Neurons	9	121898745	N:3:Del:R:2	GAAA	G	-1
Neurons	9	125305187	N:4:Del:M:2	GTGTT	G	1
Neurons	9	125416800	N:5:Del:R:0	ATACCAAATTT	A	1
Neurons	9	127330960	T:1:Ins:C:0	A	AC	1
Neurons	9	129095207	Q:5:Del:R:0	AAGGCTGTGT	A	0
Neurons	9	129990206	Q:5:Del:R:1	TAAAAC	T	0
Neurons	9	133738587	Q:5:Del:M:3	GAGTGGAATCATTCTCAT	G	0
Neurons	9	136264368	Q:4:Ins:R:3	T	TATCC	0
Neurons	9	136619609	N:4:Del:M:3	TTTTC	T	1
Neurons	9	137762395	N:1:Ins:C:5	C	CG	-1
Neurons	9	140885973	T:1:Del:T:0	TA	T	-1
Neurons	X	2330563	T:1:Ins:C:0	T	TC	1
Neurons	X	4990970	N:1:Ins:T:5	A	AT	1
Neurons	X	5538990	N:1:Del:T:2	CT	C	1
Neurons	X	5896757	U:1:Del:T:3	TA	T	-1
Neurons	X	6487622	N:2:Del:R:1	CAT	C	-1
Neurons	X	7859748	N:3:Del:R:1	GTAT	G	1
Neurons	X	9685907	U:2:Del:M:1	TTC	T	1
Neurons	X	14218827	N:1:Ins:T:5	C	CT	1
Neurons	X	14430016	N:1:Ins:T:0	T	TA	-1
Neurons	X	16034807	N:3:Del:R:1	GTTA	G	1
Neurons	X	18807266	Q:4:Del:R:1	GAAAC	G	0
Neurons	X	20929111	N:4:Del:M:3	ATCTG	A	1
Neurons	X	28920011	U:2:Del:M:1	CTT	C	1
Neurons	X	30077877	N:5:Del:R:0	CAATGACATT	C	-1
Neurons	X	31955621	T:1:Del:T:5	AT	A	1
Neurons	X	32074015	Q:4:Del:M:3	CTGTT	C	0
Neurons	X	40446881	T:1:Del:T:2	TA	T	-1
Neurons	X	40903479	N:2:Del:M:1	CAG	C	-1
Neurons	X	43122213	N:4:Del:M:2	TTGTC	T	1
Neurons	X	47260703	Q:2:Del:R:1	CCA	C	0
Neurons	X	50069788	T:1:Ins:T:1	T	TA	-1
Neurons	X	50334669	T:4:Del:R:5	TTTTC	T	1
Neurons	X	51716716	N:1:Del:C:2	TC	T	1
Neurons	X	56760852	N:1:Del:C:0	TC	T	1
Neurons	X	57371476	Q:3:Del:R:2	TTTG	T	0
Neurons	X	64805877	N:1:Del:T:5	GT	G	1
Neurons	X	65313766	N:4:Del:M:3	TACTG	T	-1
Neurons	X	67337980	T:1:Del:C:1	GC	G	1
Neurons	X	71580227	Q:5:Ins:R:1	A	AAGAGCTTC	0
Neurons	X	74330447	U:1:Del:T:3	CA	C	-1
Neurons	X	75591681	N:4:Del:R:1	CACAA	C	-1
Neurons	X	77716759	N:1:Del:C:0	TG	T	-1
Neurons	X	78795724	N:1:Del:T:5	CT	C	1
Neurons	X	79396779	N:1:Ins:T:5	C	CA	-1
Neurons	X	82010395	N:3:Del:R:5	TCAA	T	1
Neurons	X	84727215	N:1:Ins:T:1	T	TA	-1
Neurons	X	85716623	Q:4:Del:M:3	TCAGA	T	0
Neurons	X	87684596	N:1:Del:C:0	AG	A	-1
Neurons	X	95930249	N:5:Del:M:1	TTACAA	T	1
Neurons	X	96505154	Q:5:Del:R:0	CCTTTGTACTA	C	0
Neurons	X	97890974	N:3:Del:R:4	TCAA	T	1
Neurons	X	98881888	N:4:Del:M:2	ACAAT	A	1
Neurons	X	99527700	N:1:Ins:T:1	T	TA	-1
Neurons	X	99615859	U:3:Del:R:1	TAAG	T	-1
Neurons	X	105033403	N:2:Ins:R:0	C	CTA	1
Neurons	X	105691283	N:4:Del:M:2	TTAAA	T	1
Neurons	X	112046773	U:1:Del:T:1	TA	T	-1
Neurons	X	112434119	N:1:Del:C:0	TC	T	1
Neurons	X	112497072	N:4:Del:M:2	ACTGT	A	1
Neurons	X	112992637	N:5:Del:R:0	GACAATT	G	-1
Neurons	X	114785759	N:4:Del:R:1	CTTTA	C	1
Neurons	X	115475058	N:1:Del:T:5	CT	C	1
Neurons	X	120555489	N:4:Del:M:1	CTCTT	C	1
Neurons	X	122434381	U:5:Del:M:4	CTCTTT	C	1
Neurons	X	122491704	Q:3:Del:M:2	GCCA	G	0
Neurons	X	122559152	T:1:Del:T:0	TA	T	-1
Neurons	X	126954712	N:4:Del:R:1	CACAA	C	-1
Neurons	X	128438692	N:1:Del:C:1	TC	T	1
Neurons	X	130155845	N:1:Del:T:5	GT	G	1
Neurons	X	133340162	N:1:Ins:T:1	T	TA	-1
Neurons	X	133654891	N:1:Del:C:2	AG	A	-1
Neurons	X	135217815	N:4:Del:R:2	AAAAC	A	-1
Neurons	X	139683691	N:1:Del:C:0	AG	A	-1
Neurons	X	142713012	U:4:Del:R:1	AAAAG	A	-1
Neurons	X	144187052	N:1:Ins:T:5	G	GT	1
Neurons	X	145825603	N:2:Del:R:0	ACT	A	1
Neurons	X	147334474	N:1:Del:T:3	TA	T	-1
Neurons	X	148499442	N:4:Del:R:3	TAAAC	T	-1
Neurons	X	150689489	N:5:Del:R:0	ATACAAGGTTT	A	1
Neurons	X	151824314	T:1:Del:C:2	AG	A	-1
Neurons	X	153142322	U:1:Del:C:2	TG	T	-1
